{
"type": "FeatureCollection",
"name": "WEST_BENGAL_DISTRICT_WEB",
"crs": { "type": "name", "properties": { "name": "urn:ogc:def:crs:OGC:1.3:CRS84" } },
"features": [
{ "type": "Feature", "properties": { "OBJECTID": 78, "OBJECTID_1": 78, "STATE_UT": "WEST BENGAL", "STATE_LGD": "19", "DISTRICT": "SOUTH 24PARGANAS", "DIST_LGD": "343", "REMARKS": null, "Shape_Leng": 1801268.23698, "Shape_Area": 7463920046.1899996 }, "geometry": { "type": "MultiPolygon", "coordinates": [ [ [ [ 88.017335229900922, 21.560093349567286, 0.0 ], [ 88.01855792358684, 21.551667724570898, 0.0 ], [ 88.013749083174446, 21.546837276631088, 0.0 ], [ 88.009970169831107, 21.558227812313152, 0.0 ], [ 88.017335229900922, 21.560093349567286, 0.0 ] ] ], [ [ [ 88.172720059732825, 21.584160177050858, 0.0 ], [ 88.186146169204392, 21.581947685433491, 0.0 ], [ 88.188588615821644, 21.55785082210928, 0.0 ], [ 88.204401801560252, 21.547024455791533, 0.0 ], [ 88.199326261931247, 21.542131671661483, 0.0 ], [ 88.175673020751944, 21.549857760364464, 0.0 ], [ 88.163943001462755, 21.58610410697872, 0.0 ], [ 88.167018419701847, 21.602947018578949, 0.0 ], [ 88.172720059732825, 21.584160177050858, 0.0 ] ] ], [ [ [ 88.498440250636804, 21.601023050186019, 0.0 ], [ 88.537199755447475, 21.578013647981738, 0.0 ], [ 88.530652957429069, 21.563555113412672, 0.0 ], [ 88.547857728284981, 21.537151575341387, 0.0 ], [ 88.535560761007034, 21.527594489883473, 0.0 ], [ 88.51552540933065, 21.529691191265599, 0.0 ], [ 88.497145961904991, 21.539852400723202, 0.0 ], [ 88.499249594249505, 21.547932212742989, 0.0 ], [ 88.484774793754028, 21.552197889085463, 0.0 ], [ 88.493502346975419, 21.594730248215562, 0.0 ], [ 88.498440250636804, 21.601023050186019, 0.0 ] ] ], [ [ [ 88.834010511011485, 21.608036598659677, 0.0 ], [ 88.891889236668788, 21.581198157464584, 0.0 ], [ 88.905987945795928, 21.547560220291174, 0.0 ], [ 88.876094872279808, 21.534403926680543, 0.0 ], [ 88.855775030734947, 21.536606302056118, 0.0 ], [ 88.831179179243534, 21.551169195650079, 0.0 ], [ 88.826011634020091, 21.572775556120781, 0.0 ], [ 88.834010511011485, 21.608036598659677, 0.0 ] ] ], [ [ [ 89.151052344254637, 21.600035813443309, 0.0 ], [ 89.144527916157671, 21.592653477037857, 0.0 ], [ 89.135189979266798, 21.59641579849837, 0.0 ], [ 89.137010739013348, 21.601414584589381, 0.0 ], [ 89.141017899659246, 21.595345122194509, 0.0 ], [ 89.151052344254637, 21.600035813443309, 0.0 ] ] ], [ [ [ 88.538949392417763, 21.638931618927028, 0.0 ], [ 88.568363933490843, 21.626323150660664, 0.0 ], [ 88.586977662033661, 21.605935663489415, 0.0 ], [ 88.582155698915514, 21.583464159464427, 0.0 ], [ 88.555926255083577, 21.560348115198302, 0.0 ], [ 88.535578189879246, 21.592508290007196, 0.0 ], [ 88.512018076229594, 21.601624456419181, 0.0 ], [ 88.521697057411131, 21.625234553343574, 0.0 ], [ 88.522402464847801, 21.658456943104682, 0.0 ], [ 88.538949392417763, 21.638931618927028, 0.0 ] ] ], [ [ [ 88.042925968140153, 21.692346178419427, 0.0 ], [ 88.044410399937547, 21.69880883412252, 0.0 ], [ 88.045429625424902, 21.699396382832525, 0.0 ], [ 88.045943002894035, 21.697387100269705, 0.0 ], [ 88.042925968140153, 21.692346178419427, 0.0 ] ] ], [ [ [ 88.050072841725338, 21.700008167983459, 0.0 ], [ 88.051331156600838, 21.696229130631874, 0.0 ], [ 88.049413804596398, 21.694489713826876, 0.0 ], [ 88.050072841725338, 21.700008167983459, 0.0 ] ] ], [ [ [ 88.044703250214539, 21.702285994716284, 0.0 ], [ 88.042315468313262, 21.703440819387932, 0.0 ], [ 88.042766511315008, 21.708968201155589, 0.0 ], [ 88.044703250214539, 21.702285994716284, 0.0 ] ] ], [ [ [ 88.053183073287641, 21.703053149928028, 0.0 ], [ 88.053710716593329, 21.710879004654473, 0.0 ], [ 88.055749636691843, 21.711394684124695, 0.0 ], [ 88.056247977573008, 21.710135002580348, 0.0 ], [ 88.053183073287641, 21.703053149928028, 0.0 ] ] ], [ [ [ 88.642377376732085, 21.679193387718072, 0.0 ], [ 88.631583254083168, 21.649413079694678, 0.0 ], [ 88.630878730633327, 21.673287559914876, 0.0 ], [ 88.642377376732085, 21.679193387718072, 0.0 ] ] ], [ [ [ 88.309380108287968, 21.704860877630995, 0.0 ], [ 88.333674788039076, 21.699816224567712, 0.0 ], [ 88.351420366632837, 21.677283513043406, 0.0 ], [ 88.343707710409717, 21.661903509512754, 0.0 ], [ 88.350458938233146, 21.646803726874531, 0.0 ], [ 88.344304720348433, 21.627601854233816, 0.0 ], [ 88.317847714068279, 21.605219244273435, 0.0 ], [ 88.306447017831118, 21.614946217451983, 0.0 ], [ 88.31610952152252, 21.662739660506258, 0.0 ], [ 88.309380108287968, 21.704860877630995, 0.0 ] ] ], [ [ [ 88.193871468539655, 21.687634646262598, 0.0 ], [ 88.200444392304249, 21.673765517709956, 0.0 ], [ 88.226423586577297, 21.668781068308689, 0.0 ], [ 88.23110269855411, 21.643341066673738, 0.0 ], [ 88.211054694483281, 21.620534144062418, 0.0 ], [ 88.212838724827208, 21.598386557605224, 0.0 ], [ 88.20330640555656, 21.608638231271517, 0.0 ], [ 88.180161429162723, 21.68518376001191, 0.0 ], [ 88.186028746262807, 21.708053182208431, 0.0 ], [ 88.203656571843496, 21.725842083580332, 0.0 ], [ 88.213572608786009, 21.700129207242266, 0.0 ], [ 88.193871468539655, 21.687634646262598, 0.0 ] ] ], [ [ [ 88.749783348050116, 21.649620305694466, 0.0 ], [ 88.7689777339329, 21.655950465391214, 0.0 ], [ 88.776913177450609, 21.643460503799052, 0.0 ], [ 88.772955490226195, 21.625770035792709, 0.0 ], [ 88.800047926844968, 21.59123948442198, 0.0 ], [ 88.776113948200063, 21.56983575384043, 0.0 ], [ 88.74202634814128, 21.562188191722505, 0.0 ], [ 88.715443811765695, 21.57246386150009, 0.0 ], [ 88.708591600590026, 21.584719384901739, 0.0 ], [ 88.718840294720096, 21.634735224168189, 0.0 ], [ 88.713968062667405, 21.651266958250375, 0.0 ], [ 88.684426093477228, 21.684306527459501, 0.0 ], [ 88.69251088648808, 21.72015618225668, 0.0 ], [ 88.701796958765485, 21.687869716834268, 0.0 ], [ 88.749783348050116, 21.649620305694466, 0.0 ] ] ], [ [ [ 88.204750985437713, 21.737628631384155, 0.0 ], [ 88.195012830640437, 21.724382729607232, 0.0 ], [ 88.206483122247391, 21.759760945512983, 0.0 ], [ 88.204750985437713, 21.737628631384155, 0.0 ] ] ], [ [ [ 88.401645777832059, 21.737275507697579, 0.0 ], [ 88.42813877224323, 21.702507843224073, 0.0 ], [ 88.413326073201759, 21.692929504441572, 0.0 ], [ 88.411051226917948, 21.655829093091189, 0.0 ], [ 88.431949049331038, 21.620447465615335, 0.0 ], [ 88.411774868032566, 21.611778241663291, 0.0 ], [ 88.407341989926422, 21.589873379044921, 0.0 ], [ 88.396941821997174, 21.589933613867178, 0.0 ], [ 88.38482864121346, 21.610359323714604, 0.0 ], [ 88.393614970362805, 21.623537388319477, 0.0 ], [ 88.380938099785538, 21.662890622843427, 0.0 ], [ 88.382402595782381, 21.682840913138531, 0.0 ], [ 88.401533393346369, 21.701904350045876, 0.0 ], [ 88.404237310289986, 21.716629486019315, 0.0 ], [ 88.395931311777062, 21.725300725663676, 0.0 ], [ 88.368761104381889, 21.726976926270911, 0.0 ], [ 88.389117911359605, 21.735750568539661, 0.0 ], [ 88.395828858508111, 21.754637629022273, 0.0 ], [ 88.401645777832059, 21.737275507697579, 0.0 ] ] ], [ [ [ 88.387684554762316, 21.762793564058761, 0.0 ], [ 88.385928380171947, 21.740465115114244, 0.0 ], [ 88.363275886559776, 21.725906412646761, 0.0 ], [ 88.39450898499409, 21.713221512986877, 0.0 ], [ 88.357066163093648, 21.686461452115513, 0.0 ], [ 88.33843884765561, 21.711583352749091, 0.0 ], [ 88.348531504825274, 21.722540365127163, 0.0 ], [ 88.343672071927102, 21.754829611440112, 0.0 ], [ 88.359878853291889, 21.763316911950884, 0.0 ], [ 88.387684554762316, 21.762793564058761, 0.0 ] ] ], [ [ [ 88.19260910224628, 21.779712608766978, 0.0 ], [ 88.197470276273194, 21.764840595253535, 0.0 ], [ 88.192647550410555, 21.758191086552632, 0.0 ], [ 88.19260910224628, 21.779712608766978, 0.0 ] ] ], [ [ [ 88.289112795795347, 21.778751627439188, 0.0 ], [ 88.304959468179433, 21.732457183476118, 0.0 ], [ 88.29189316001478, 21.712062783733582, 0.0 ], [ 88.279758203087411, 21.734923467105393, 0.0 ], [ 88.289112795795347, 21.778751627439188, 0.0 ] ] ], [ [ [ 88.617604127043307, 21.73093890722302, 0.0 ], [ 88.593533262927934, 21.720423316307979, 0.0 ], [ 88.579023391046789, 21.727098446007918, 0.0 ], [ 88.584584734416481, 21.748431898784389, 0.0 ], [ 88.569287465189802, 21.770137282219444, 0.0 ], [ 88.583885267494608, 21.776179072072651, 0.0 ], [ 88.587261196301853, 21.753303746317403, 0.0 ], [ 88.618884378487962, 21.739193588152769, 0.0 ], [ 88.617604127043307, 21.73093890722302, 0.0 ] ] ], [ [ [ 88.181524837748725, 21.783825892650501, 0.0 ], [ 88.176340073341535, 21.792601345393297, 0.0 ], [ 88.179050154219809, 21.799333318281231, 0.0 ], [ 88.185690148087062, 21.790214016298183, 0.0 ], [ 88.181524837748725, 21.783825892650501, 0.0 ] ] ], [ [ [ 88.590444578298019, 21.780777559889398, 0.0 ], [ 88.621521903449263, 21.78116076868476, 0.0 ], [ 88.629745069537535, 21.751470491486359, 0.0 ], [ 88.627564920324261, 21.729308984486021, 0.0 ], [ 88.610918068450403, 21.70477465990772, 0.0 ], [ 88.597057238393688, 21.715678034213283, 0.0 ], [ 88.620276850471171, 21.728039985727897, 0.0 ], [ 88.621726359840366, 21.740047132555333, 0.0 ], [ 88.587385842461217, 21.757209834919831, 0.0 ], [ 88.590444578298019, 21.780777559889398, 0.0 ] ] ], [ [ [ 88.422176288001737, 21.810581034869248, 0.0 ], [ 88.429991384854674, 21.799271578129623, 0.0 ], [ 88.441817138133658, 21.80049360116146, 0.0 ], [ 88.455574245514413, 21.789128350399146, 0.0 ], [ 88.471439967036574, 21.79246610960967, 0.0 ], [ 88.45304983384743, 21.751591069751345, 0.0 ], [ 88.452795557008116, 21.71841154708877, 0.0 ], [ 88.471506293882726, 21.6738769616111, 0.0 ], [ 88.450160902223786, 21.611770274251175, 0.0 ], [ 88.433994964274191, 21.603711531203988, 0.0 ], [ 88.427157882606863, 21.605321368098974, 0.0 ], [ 88.44113065591182, 21.622828423890944, 0.0 ], [ 88.420382946099792, 21.65314462131369, 0.0 ], [ 88.419140624258333, 21.682925880139432, 0.0 ], [ 88.432488418278382, 21.704380392848105, 0.0 ], [ 88.403173254949081, 21.738381561053441, 0.0 ], [ 88.405312756819967, 21.754473701138679, 0.0 ], [ 88.396568663186798, 21.755847663278512, 0.0 ], [ 88.383416763869434, 21.777690870418084, 0.0 ], [ 88.422176288001737, 21.810581034869248, 0.0 ] ] ], [ [ [ 88.579681397585091, 21.717380033795529, 0.0 ], [ 88.608619770898869, 21.681482723269593, 0.0 ], [ 88.59100728940868, 21.658341639234727, 0.0 ], [ 88.608565065822305, 21.622553469024588, 0.0 ], [ 88.602670861703743, 21.612540090082035, 0.0 ], [ 88.566817031626982, 21.635074057911261, 0.0 ], [ 88.542344905904613, 21.640897683721594, 0.0 ], [ 88.526219251567255, 21.662866206984056, 0.0 ], [ 88.528140754381226, 21.692423687038218, 0.0 ], [ 88.506285524464602, 21.758358756886178, 0.0 ], [ 88.516171512488299, 21.787356731628748, 0.0 ], [ 88.542267929313411, 21.811443006987485, 0.0 ], [ 88.573271222017027, 21.788492489697123, 0.0 ], [ 88.560069974202321, 21.767917549480263, 0.0 ], [ 88.579681397585091, 21.717380033795529, 0.0 ] ] ], [ [ [ 88.483177093869259, 21.834914662846025, 0.0 ], [ 88.499898018694054, 21.811330713005024, 0.0 ], [ 88.485456794910149, 21.798860573791153, 0.0 ], [ 88.463926071289421, 21.800214487560304, 0.0 ], [ 88.451888262237603, 21.813636246371562, 0.0 ], [ 88.483177093869259, 21.834914662846025, 0.0 ] ] ], [ [ [ 88.190721960657044, 21.83055909382422, 0.0 ], [ 88.178142887439421, 21.844715410327002, 0.0 ], [ 88.166362440999322, 21.869739449455331, 0.0 ], [ 88.194668250123783, 21.840383479097557, 0.0 ], [ 88.190721960657044, 21.83055909382422, 0.0 ] ] ], [ [ [ 88.131807155602701, 21.87357339770983, 0.0 ], [ 88.17100246487847, 21.809315116825676, 0.0 ], [ 88.165601967970815, 21.794825867391516, 0.0 ], [ 88.171251903451079, 21.740096350738114, 0.0 ], [ 88.153241981072469, 21.681956512335255, 0.0 ], [ 88.134194913978575, 21.678479161257819, 0.0 ], [ 88.143312059409553, 21.669964203957932, 0.0 ], [ 88.145076285418128, 21.638977281000386, 0.0 ], [ 88.135198466586445, 21.628063639791492, 0.0 ], [ 88.118681390225987, 21.625403889882467, 0.0 ], [ 88.09134044587212, 21.630430790355582, 0.0 ], [ 88.091435578214657, 21.638695700449329, 0.0 ], [ 88.078816053074704, 21.633642849011846, 0.0 ], [ 88.057291842221872, 21.639388292939728, 0.0 ], [ 88.041351830011976, 21.649532168933483, 0.0 ], [ 88.041351049080049, 21.675556058687761, 0.0 ], [ 88.051007007295937, 21.687617554243904, 0.0 ], [ 88.056929546866556, 21.70971537624586, 0.0 ], [ 88.055213341443789, 21.720945065958574, 0.0 ], [ 88.076490690495532, 21.751757330596039, 0.0 ], [ 88.076810464794406, 21.777419790973315, 0.0 ], [ 88.101795724878642, 21.832547441967687, 0.0 ], [ 88.131807155602701, 21.87357339770983, 0.0 ] ] ], [ [ [ 88.082958589340791, 21.842231050198812, 0.0 ], [ 88.072359500896553, 21.858310292252103, 0.0 ], [ 88.081132744309301, 21.879846391791414, 0.0 ], [ 88.096717674884474, 21.861343334934375, 0.0 ], [ 88.082958589340791, 21.842231050198812, 0.0 ] ] ], [ [ [ 88.174073016368325, 21.867737009113235, 0.0 ], [ 88.169245400854848, 21.868785961614655, 0.0 ], [ 88.165281311866309, 21.879163730564642, 0.0 ], [ 88.174073016368325, 21.867737009113235, 0.0 ] ] ], [ [ [ 88.554054388028604, 21.875674394707023, 0.0 ], [ 88.575054465984849, 21.878987730006418, 0.0 ], [ 88.573954928922504, 21.856057272259726, 0.0 ], [ 88.566214387298302, 21.847077687348598, 0.0 ], [ 88.565148068099262, 21.852003721285694, 0.0 ], [ 88.556685424272473, 21.827692985705237, 0.0 ], [ 88.551880541497241, 21.832432264818721, 0.0 ], [ 88.558255068635802, 21.842251900315564, 0.0 ], [ 88.559972686703873, 21.851509574150061, 0.0 ], [ 88.554054388028604, 21.875674394707023, 0.0 ] ] ], [ [ [ 88.104965540377634, 21.867321561668579, 0.0 ], [ 88.097603231695189, 21.874021029349354, 0.0 ], [ 88.085619548883187, 21.914371596112478, 0.0 ], [ 88.097794442756822, 21.912291503097588, 0.0 ], [ 88.11961874330126, 21.891428180639767, 0.0 ], [ 88.104965540377634, 21.867321561668579, 0.0 ] ] ], [ [ [ 88.492799859874125, 21.903861736190485, 0.0 ], [ 88.482196015170842, 21.900881740650622, 0.0 ], [ 88.493366338303858, 21.906625702598319, 0.0 ], [ 88.492799859874125, 21.903861736190485, 0.0 ] ] ], [ [ [ 88.561707837607685, 21.897239400216804, 0.0 ], [ 88.570425679330768, 21.900493847776669, 0.0 ], [ 88.5761512200189, 21.88306115181264, 0.0 ], [ 88.552975025942544, 21.876676411397238, 0.0 ], [ 88.5585409767031, 21.850009158384811, 0.0 ], [ 88.550270170814386, 21.832151506196524, 0.0 ], [ 88.551995179899052, 21.816623136444466, 0.0 ], [ 88.538812636542545, 21.832326429397451, 0.0 ], [ 88.539604648166573, 21.83425052283317, 0.0 ], [ 88.539506393383533, 21.836648270712931, 0.0 ], [ 88.542697065634968, 21.839259883075005, 0.0 ], [ 88.544000823839838, 21.842990419118145, 0.0 ], [ 88.539138713704588, 21.836941551453545, 0.0 ], [ 88.537917875623947, 21.832289882211288, 0.0 ], [ 88.530894866917492, 21.847652467427185, 0.0 ], [ 88.543258883165819, 21.854595080351569, 0.0 ], [ 88.541513424386665, 21.86954981891753, 0.0 ], [ 88.550467600809995, 21.879380097141244, 0.0 ], [ 88.548781991340036, 21.891968730615137, 0.0 ], [ 88.541431140465818, 21.902188322152774, 0.0 ], [ 88.561707837607685, 21.897239400216804, 0.0 ] ] ], [ [ [ 88.126339998973407, 21.947451029322114, 0.0 ], [ 88.145452235641216, 21.924710012324486, 0.0 ], [ 88.126717592413456, 21.933896601705868, 0.0 ], [ 88.118944374427528, 21.928352552386158, 0.0 ], [ 88.116934414651311, 21.923982520468467, 0.0 ], [ 88.130255593919529, 21.930162391282266, 0.0 ], [ 88.145015035313804, 21.917337249712293, 0.0 ], [ 88.130012878685505, 21.899131490793227, 0.0 ], [ 88.115398579158054, 21.919243464592146, 0.0 ], [ 88.117681893539498, 21.904919494536689, 0.0 ], [ 88.089857431980931, 21.926548904458436, 0.0 ], [ 88.126339998973407, 21.947451029322114, 0.0 ] ] ], [ [ [ 88.636640484361592, 21.921775316829599, 0.0 ], [ 88.670067962272128, 21.912418800386956, 0.0 ], [ 88.652789923397819, 21.872491358669983, 0.0 ], [ 88.644564893060632, 21.787937833906131, 0.0 ], [ 88.591973128008775, 21.7976437677437, 0.0 ], [ 88.576826977270528, 21.817928517238109, 0.0 ], [ 88.584812886089523, 21.844983693973262, 0.0 ], [ 88.636640484361592, 21.921775316829599, 0.0 ] ] ], [ [ [ 88.911820281631407, 21.930882338252768, 0.0 ], [ 89.031343215300424, 21.863962350369089, 0.0 ], [ 89.028440708415431, 21.831403195194962, 0.0 ], [ 89.012366128968509, 21.794226215510744, 0.0 ], [ 89.019459502359609, 21.76615201043515, 0.0 ], [ 89.055923802661383, 21.732524123211775, 0.0 ], [ 89.07165935765336, 21.701851436464068, 0.0 ], [ 89.067643310632391, 21.691073813075064, 0.0 ], [ 89.093556101471876, 21.663679505223612, 0.0 ], [ 89.094198934112896, 21.641339263226566, 0.0 ], [ 89.068131359920116, 21.617379825290296, 0.0 ], [ 89.050494997193098, 21.615566640948579, 0.0 ], [ 89.04880376641583, 21.623939848283793, 0.0 ], [ 89.029177041245177, 21.635129135972118, 0.0 ], [ 89.026482924204316, 21.658187793445588, 0.0 ], [ 89.019961554728809, 21.640433630378276, 0.0 ], [ 89.036541692200473, 21.618334136824686, 0.0 ], [ 89.023782166873431, 21.602913711331684, 0.0 ], [ 88.997975494184075, 21.603225687737375, 0.0 ], [ 88.997268038104338, 21.621971086823347, 0.0 ], [ 88.979807995016543, 21.615407503080164, 0.0 ], [ 88.954153187178775, 21.627224341689033, 0.0 ], [ 88.938723066183172, 21.646142393572372, 0.0 ], [ 88.951309534714014, 21.693853910486848, 0.0 ], [ 88.921262422367761, 21.721520800472124, 0.0 ], [ 88.931708715363925, 21.744425725908393, 0.0 ], [ 88.920840102462137, 21.762386559199935, 0.0 ], [ 88.914673075676575, 21.716179027690345, 0.0 ], [ 88.935161478939165, 21.702816296031653, 0.0 ], [ 88.940132492724089, 21.68904163511078, 0.0 ], [ 88.922967005682978, 21.632307655769687, 0.0 ], [ 88.884132633589388, 21.66117372642049, 0.0 ], [ 88.869648144922053, 21.704167539339021, 0.0 ], [ 88.88026054309195, 21.745860742835422, 0.0 ], [ 88.877220316377873, 21.766613411452767, 0.0 ], [ 88.858316710250548, 21.781035333566983, 0.0 ], [ 88.835056510753546, 21.782792208786365, 0.0 ], [ 88.841530245990356, 21.815634448003205, 0.0 ], [ 88.836799705932435, 21.843026301698366, 0.0 ], [ 88.853739218020451, 21.866248717062778, 0.0 ], [ 88.853154975764525, 21.888889718938291, 0.0 ], [ 88.825427325604281, 21.913877047610281, 0.0 ], [ 88.819005162531795, 21.929260401309499, 0.0 ], [ 88.859691406476671, 21.912713242889762, 0.0 ], [ 88.902586549950541, 21.921025547055276, 0.0 ], [ 88.911820281631407, 21.930882338252768, 0.0 ] ] ], [ [ [ 88.567958433493956, 21.958481631284474, 0.0 ], [ 88.590992035964391, 21.951475631582905, 0.0 ], [ 88.599949498817608, 21.937312048266172, 0.0 ], [ 88.609979296579795, 21.924710480994339, 0.0 ], [ 88.601586156587175, 21.905495739240379, 0.0 ], [ 88.583623528053351, 21.891642831248831, 0.0 ], [ 88.566786881389547, 21.912359473423461, 0.0 ], [ 88.550096335906161, 21.922381553016116, 0.0 ], [ 88.550795714776541, 21.935869851998305, 0.0 ], [ 88.542669730305079, 21.960276858054566, 0.0 ], [ 88.544377217115056, 21.970857595951543, 0.0 ], [ 88.55630460462595, 21.972904084179731, 0.0 ], [ 88.567958433493956, 21.958481631284474, 0.0 ] ] ], [ [ [ 88.607100177641499, 22.000046738124297, 0.0 ], [ 88.598607740659546, 21.96757946711033, 0.0 ], [ 88.615030758133287, 21.937508018558557, 0.0 ], [ 88.610385356838606, 21.929302827947055, 0.0 ], [ 88.591969752526396, 21.951548079829244, 0.0 ], [ 88.576486906052011, 21.960642837651051, 0.0 ], [ 88.578077015646727, 21.982087507368689, 0.0 ], [ 88.595809909978627, 21.988585165256829, 0.0 ], [ 88.599639172211823, 21.99149827003642, 0.0 ], [ 88.602993515560314, 21.997450224463662, 0.0 ], [ 88.607100177641499, 22.000046738124297, 0.0 ] ] ], [ [ [ 88.559742012214798, 22.625065963714004, 0.0 ], [ 88.593722425170668, 22.613693833156088, 0.0 ], [ 88.590813628171318, 22.597136036793234, 0.0 ], [ 88.611077118252027, 22.591563104496309, 0.0 ], [ 88.612906358347487, 22.581855610927633, 0.0 ], [ 88.626899664444935, 22.576334072891218, 0.0 ], [ 88.629437014423061, 22.547919943175504, 0.0 ], [ 88.657200611309563, 22.515520432338825, 0.0 ], [ 88.649363213760608, 22.49545722908055, 0.0 ], [ 88.66578145796602, 22.492744916193022, 0.0 ], [ 88.686868262892204, 22.466838951872873, 0.0 ], [ 88.704315402997295, 22.461020402084301, 0.0 ], [ 88.704008646546598, 22.433495575130078, 0.0 ], [ 88.734194614518316, 22.4206188075669, 0.0 ], [ 88.733356790118521, 22.411069497313004, 0.0 ], [ 88.755498791426632, 22.398386965094335, 0.0 ], [ 88.751124807374964, 22.391800420045147, 0.0 ], [ 88.760578289453989, 22.398015996564695, 0.0 ], [ 88.767987350331325, 22.392729181812829, 0.0 ], [ 88.761364677352347, 22.386529647224055, 0.0 ], [ 88.765099082226797, 22.379538070209307, 0.0 ], [ 88.773655378943076, 22.388204140627661, 0.0 ], [ 88.771398233793889, 22.370394254997365, 0.0 ], [ 88.821402442435669, 22.370644849438548, 0.0 ], [ 88.803169826942209, 22.329638540593738, 0.0 ], [ 88.810895878109932, 22.320394519961283, 0.0 ], [ 88.804369133414525, 22.291041988675584, 0.0 ], [ 88.816565637986102, 22.28312705727042, 0.0 ], [ 88.815128007997814, 22.264428445304699, 0.0 ], [ 88.828575022227412, 22.265277333703601, 0.0 ], [ 88.850900646783728, 22.288595207317616, 0.0 ], [ 88.865477255726688, 22.271718467770338, 0.0 ], [ 88.877280615651088, 22.275159522192435, 0.0 ], [ 88.888278258270219, 22.266516707647543, 0.0 ], [ 88.895617359253208, 22.252535800251852, 0.0 ], [ 88.905783487240612, 22.251698841996603, 0.0 ], [ 88.907716940180805, 22.266234252435527, 0.0 ], [ 88.915790516244215, 22.270693635574588, 0.0 ], [ 88.953195447196606, 22.245872647536046, 0.0 ], [ 88.969669354105022, 22.204309057582744, 0.0 ], [ 88.997387513178012, 22.205451321482279, 0.0 ], [ 89.021277458569912, 22.195301769149197, 0.0 ], [ 89.024735531747481, 22.155234732809404, 0.0 ], [ 89.059665583123845, 22.120154459449701, 0.0 ], [ 89.04285844350818, 22.1074081863337, 0.0 ], [ 89.037751134641297, 22.092348668970033, 0.0 ], [ 89.043276514155764, 22.061668853167149, 0.0 ], [ 89.076863197635205, 22.008409742019222, 0.0 ], [ 89.072743322663868, 21.944440262982301, 0.0 ], [ 89.066284176003506, 21.930800835820094, 0.0 ], [ 89.027822292764171, 21.928889465255608, 0.0 ], [ 88.996298642617845, 21.954941923572598, 0.0 ], [ 89.014098058157927, 21.976722651219074, 0.0 ], [ 89.011816644449752, 21.984261983576758, 0.0 ], [ 89.001226233705609, 21.986403634178856, 0.0 ], [ 89.027174471619574, 21.997511439013447, 0.0 ], [ 89.030382633009623, 22.001048266614159, 0.0 ], [ 89.013742533980306, 21.996527647971089, 0.0 ], [ 89.000322645002868, 21.987667921783707, 0.0 ], [ 88.989378999918259, 21.974264994017979, 0.0 ], [ 88.989023061360456, 21.983406155632608, 0.0 ], [ 88.969345509136332, 21.99379562485781, 0.0 ], [ 88.970917504806579, 21.999949409277168, 0.0 ], [ 88.968690701682291, 21.996193823320382, 0.0 ], [ 88.970249589048663, 21.988493950374213, 0.0 ], [ 88.984118165548779, 21.984710526161621, 0.0 ], [ 88.98650999934388, 21.972210012942327, 0.0 ], [ 89.009268431424417, 21.980461136180491, 0.0 ], [ 88.988309286002277, 21.951586365487938, 0.0 ], [ 89.018194633400242, 21.918468981730431, 0.0 ], [ 89.012501208875634, 21.903270264381856, 0.0 ], [ 88.999875535185353, 21.904594531305989, 0.0 ], [ 88.945475238747932, 21.929298607080909, 0.0 ], [ 88.929664524057202, 21.943740697020498, 0.0 ], [ 88.924855255248573, 21.963646557463477, 0.0 ], [ 88.944622527361645, 21.988601421665315, 0.0 ], [ 88.935650955568292, 22.011805583607003, 0.0 ], [ 88.932926614573319, 21.990792986385348, 0.0 ], [ 88.917806020290939, 21.980930740097595, 0.0 ], [ 88.915106482711636, 22.008462811271613, 0.0 ], [ 88.902468345886476, 22.003853085743259, 0.0 ], [ 88.904361508896301, 21.927890704926334, 0.0 ], [ 88.858240898290219, 21.920363808413182, 0.0 ], [ 88.823883302570252, 21.941051099429636, 0.0 ], [ 88.80574902404922, 21.938068562693424, 0.0 ], [ 88.799044579088772, 21.922103126374125, 0.0 ], [ 88.839800968150143, 21.886360104307517, 0.0 ], [ 88.820066556526783, 21.83775840782582, 0.0 ], [ 88.83083257194933, 21.808069530572514, 0.0 ], [ 88.8214762359177, 21.781442505651157, 0.0 ], [ 88.832582327463385, 21.766196300814542, 0.0 ], [ 88.864695300462699, 21.761442543270689, 0.0 ], [ 88.841164527700059, 21.716880046749267, 0.0 ], [ 88.843158604814789, 21.682453000818558, 0.0 ], [ 88.861548697543327, 21.640940769357439, 0.0 ], [ 88.844093620806788, 21.62644584399775, 0.0 ], [ 88.845587953746858, 21.619102688782547, 0.0 ], [ 88.804494775804798, 21.637163417687596, 0.0 ], [ 88.822442689232943, 21.66702486059911, 0.0 ], [ 88.814594495375772, 21.710727851911901, 0.0 ], [ 88.802982215093877, 21.717526720131058, 0.0 ], [ 88.762708870765834, 21.701971877150896, 0.0 ], [ 88.783911950484821, 21.71907059745773, 0.0 ], [ 88.780902334224223, 21.731961022354017, 0.0 ], [ 88.793834489734735, 21.737005474083723, 0.0 ], [ 88.786154677079821, 21.741381803229995, 0.0 ], [ 88.790491581096902, 21.750034474088032, 0.0 ], [ 88.783496481242736, 21.741410468470203, 0.0 ], [ 88.789897896215322, 21.737872494440897, 0.0 ], [ 88.755869360105649, 21.735315814376577, 0.0 ], [ 88.767208532914083, 21.763307961384225, 0.0 ], [ 88.750132785246151, 21.770489607597128, 0.0 ], [ 88.765679710965316, 21.786360686563707, 0.0 ], [ 88.781147075174786, 21.825167384828848, 0.0 ], [ 88.764120591091597, 21.78956868232979, 0.0 ], [ 88.745526237986326, 21.773242414230371, 0.0 ], [ 88.759766315421231, 21.761796474820628, 0.0 ], [ 88.752352093283619, 21.733299077717071, 0.0 ], [ 88.777573273621925, 21.721283497898096, 0.0 ], [ 88.756548550415303, 21.70297269890661, 0.0 ], [ 88.768703287036629, 21.693687862720029, 0.0 ], [ 88.809932606303192, 21.704483913032291, 0.0 ], [ 88.807942328186854, 21.662676942301502, 0.0 ], [ 88.796448880421096, 21.655920850470846, 0.0 ], [ 88.770255498727153, 21.665723231895708, 0.0 ], [ 88.744790426421403, 21.660831901766937, 0.0 ], [ 88.711408032239348, 21.68958108670612, 0.0 ], [ 88.693759745360964, 21.74530785675945, 0.0 ], [ 88.711276594901349, 21.786982386395813, 0.0 ], [ 88.711148046538838, 21.806887302065409, 0.0 ], [ 88.696043211235391, 21.84258665291641, 0.0 ], [ 88.722745620097669, 21.93215453972088, 0.0 ], [ 88.725494294665197, 21.979543107137726, 0.0 ], [ 88.750391313663854, 21.997568691303751, 0.0 ], [ 88.751464655358319, 22.006230923507839, 0.0 ], [ 88.710199161943848, 21.995954095115447, 0.0 ], [ 88.689647210982287, 21.971632785554213, 0.0 ], [ 88.695582336191976, 21.951338672008809, 0.0 ], [ 88.690669407315298, 21.95568455154298, 0.0 ], [ 88.678620162883504, 21.943094888572261, 0.0 ], [ 88.656822405773212, 21.953653135752468, 0.0 ], [ 88.63071753273735, 21.954360312073163, 0.0 ], [ 88.631876192682228, 21.988284388569031, 0.0 ], [ 88.616933807387241, 21.993405116689559, 0.0 ], [ 88.63169806071808, 22.011685089148113, 0.0 ], [ 88.612838214844501, 22.006402625175426, 0.0 ], [ 88.608965523911266, 22.003859787024989, 0.0 ], [ 88.60243191991789, 21.997246982254925, 0.0 ], [ 88.599406709526818, 21.99183237382406, 0.0 ], [ 88.595035211877544, 21.988720413556717, 0.0 ], [ 88.581164262177907, 22.000041838997888, 0.0 ], [ 88.571243281765845, 22.000439537155184, 0.0 ], [ 88.584136335774616, 21.989711353772659, 0.0 ], [ 88.574098952362647, 21.977895889288291, 0.0 ], [ 88.574482534808865, 21.961585965995617, 0.0 ], [ 88.553984006943423, 21.976362006706161, 0.0 ], [ 88.534895143062329, 21.968727764296531, 0.0 ], [ 88.541223742530121, 21.965988243184718, 0.0 ], [ 88.548834362165124, 21.920272218645955, 0.0 ], [ 88.568745279926688, 21.904083109892571, 0.0 ], [ 88.560240964342142, 21.898900613678023, 0.0 ], [ 88.541031261384433, 21.907421586577655, 0.0 ], [ 88.539018473378235, 21.899111920075281, 0.0 ], [ 88.547577868203774, 21.882060968346178, 0.0 ], [ 88.537463586119031, 21.878556235158108, 0.0 ], [ 88.546500709956447, 21.878940219189211, 0.0 ], [ 88.539213319880659, 21.873260403044558, 0.0 ], [ 88.538764650433379, 21.863235623589894, 0.0 ], [ 88.529722044480508, 21.872496522848461, 0.0 ], [ 88.518627148875467, 21.875605402913532, 0.0 ], [ 88.539198190418674, 21.862472767428184, 0.0 ], [ 88.537172544271655, 21.856483983733092, 0.0 ], [ 88.525372399539449, 21.852611767906843, 0.0 ], [ 88.4964304590534, 21.877135184960391, 0.0 ], [ 88.513122000283971, 21.914179292888583, 0.0 ], [ 88.511132780286474, 21.927561987706596, 0.0 ], [ 88.47955507108712, 21.906660535652794, 0.0 ], [ 88.474376627565078, 21.893664211934684, 0.0 ], [ 88.459933421289051, 21.894235570999449, 0.0 ], [ 88.45566763170612, 21.897506917056528, 0.0 ], [ 88.453279886217274, 21.902213300558568, 0.0 ], [ 88.451282773667344, 21.904657163906531, 0.0 ], [ 88.449589612595133, 21.90566485963932, 0.0 ], [ 88.438755532151248, 21.906012504861796, 0.0 ], [ 88.431098611873324, 21.901201573102323, 0.0 ], [ 88.421204308447997, 21.90407651342051, 0.0 ], [ 88.418048909649968, 21.902605217248887, 0.0 ], [ 88.434310636619585, 21.898969829990328, 0.0 ], [ 88.4506635355756, 21.904919330467493, 0.0 ], [ 88.454177877059436, 21.898537244177565, 0.0 ], [ 88.457877167989636, 21.894525584709747, 0.0 ], [ 88.475065172276061, 21.889842650648948, 0.0 ], [ 88.483035288756923, 21.872032754754503, 0.0 ], [ 88.487863014906836, 21.84037535166199, 0.0 ], [ 88.473290032656436, 21.837534280139437, 0.0 ], [ 88.447366526100822, 21.812988023056203, 0.0 ], [ 88.460396623544739, 21.79244043765426, 0.0 ], [ 88.445161498087913, 21.803027489092887, 0.0 ], [ 88.429929024025185, 21.800599207260163, 0.0 ], [ 88.425881773539885, 21.814522124230812, 0.0 ], [ 88.417423563341345, 21.813156135800526, 0.0 ], [ 88.379365507290061, 21.787616378556834, 0.0 ], [ 88.374632476746399, 21.768131444775786, 0.0 ], [ 88.342805303192833, 21.761327415531134, 0.0 ], [ 88.3442983169424, 21.721035902922683, 0.0 ], [ 88.333890881399597, 21.713930417521816, 0.0 ], [ 88.327254990599329, 21.726485156422694, 0.0 ], [ 88.329079397137349, 21.709043147626531, 0.0 ], [ 88.320801818115157, 21.708737971959053, 0.0 ], [ 88.306145953881924, 21.717677991384985, 0.0 ], [ 88.309482581752391, 21.733854402252014, 0.0 ], [ 88.29996476525514, 21.781409729103835, 0.0 ], [ 88.282973863862864, 21.789456428796051, 0.0 ], [ 88.27484344832537, 21.727397407573925, 0.0 ], [ 88.303777959650219, 21.669860473436383, 0.0 ], [ 88.284415809441583, 21.600706413638488, 0.0 ], [ 88.310291891427298, 21.581310115551613, 0.0 ], [ 88.284422881735821, 21.559017133755738, 0.0 ], [ 88.253992151638371, 21.558351777186843, 0.0 ], [ 88.237049153242651, 21.576538971946228, 0.0 ], [ 88.245555140647497, 21.587506329461561, 0.0 ], [ 88.236278735566003, 21.604988563671206, 0.0 ], [ 88.218462464720631, 21.615931918326748, 0.0 ], [ 88.237491817439221, 21.644319512436478, 0.0 ], [ 88.23313369927321, 21.668815478275139, 0.0 ], [ 88.199753999742796, 21.682696684621412, 0.0 ], [ 88.199230857778701, 21.689660117247538, 0.0 ], [ 88.220430342666475, 21.701882410449187, 0.0 ], [ 88.211214473934959, 21.724723034198025, 0.0 ], [ 88.215292198672486, 21.778031249276825, 0.0 ], [ 88.192360845842401, 21.829163172306728, 0.0 ], [ 88.197246525832924, 21.841023583691491, 0.0 ], [ 88.163444037536237, 21.883670716998068, 0.0 ], [ 88.17360852563354, 21.911809055122859, 0.0 ], [ 88.171053865603824, 21.928562414034385, 0.0 ], [ 88.149696337111578, 21.957660393642183, 0.0 ], [ 88.192643078483911, 22.000805330028939, 0.0 ], [ 88.21378056299811, 22.035348013376307, 0.0 ], [ 88.224410300503891, 22.089915968574804, 0.0 ], [ 88.210433035096997, 22.148945010151859, 0.0 ], [ 88.188012561891497, 22.188031347266641, 0.0 ], [ 88.176843696405257, 22.193887121539014, 0.0 ], [ 88.069049217507683, 22.213504048296691, 0.0 ], [ 88.087677325242908, 22.242421546793476, 0.0 ], [ 88.08352689120747, 22.269363909264978, 0.0 ], [ 88.097393268125785, 22.309418153557971, 0.0 ], [ 88.0970939602459, 22.34807833200971, 0.0 ], [ 88.089814229153561, 22.361586565213873, 0.0 ], [ 88.141990733566757, 22.410454547916441, 0.0 ], [ 88.118376797540137, 22.464751139354416, 0.0 ], [ 88.129803166870488, 22.474960317559539, 0.0 ], [ 88.169683337882262, 22.482336954305961, 0.0 ], [ 88.208654608282259, 22.516601811802811, 0.0 ], [ 88.237594136215804, 22.521738241858444, 0.0 ], [ 88.24203475773507, 22.532335262048861, 0.0 ], [ 88.233628004235698, 22.549164205986216, 0.0 ], [ 88.253529164730821, 22.54746785835291, 0.0 ], [ 88.260293244992525, 22.532795947215291, 0.0 ], [ 88.277565167917757, 22.542977881058786, 0.0 ], [ 88.29161141943321, 22.538525947478004, 0.0 ], [ 88.290044109623494, 22.520688249185358, 0.0 ], [ 88.297543243024776, 22.516994957104753, 0.0 ], [ 88.298815774792629, 22.5030828629775, 0.0 ], [ 88.283947166655537, 22.485311598885001, 0.0 ], [ 88.268310703795905, 22.48708533355849, 0.0 ], [ 88.289573624104989, 22.470599569539317, 0.0 ], [ 88.290337093965945, 22.442010616325469, 0.0 ], [ 88.334154038061996, 22.440502808418128, 0.0 ], [ 88.344208776808244, 22.432781949407602, 0.0 ], [ 88.348368132172297, 22.447872751983326, 0.0 ], [ 88.341137643915147, 22.457926786110306, 0.0 ], [ 88.359747446984542, 22.462887510407487, 0.0 ], [ 88.372028786405593, 22.452029222136318, 0.0 ], [ 88.382710990709441, 22.459429609965309, 0.0 ], [ 88.37778999457862, 22.465511810498096, 0.0 ], [ 88.41447685030839, 22.477793283982837, 0.0 ], [ 88.416024916780813, 22.488625037743692, 0.0 ], [ 88.406312399386692, 22.490866675212686, 0.0 ], [ 88.420546999512055, 22.523838876753903, 0.0 ], [ 88.439736140221655, 22.509490728153562, 0.0 ], [ 88.454657931466599, 22.509579813398798, 0.0 ], [ 88.469572267297352, 22.556664894469627, 0.0 ], [ 88.458404494353672, 22.568030293882774, 0.0 ], [ 88.46441857241247, 22.565653700687704, 0.0 ], [ 88.473103093104982, 22.576582132369673, 0.0 ], [ 88.493371383260282, 22.554818778641696, 0.0 ], [ 88.511685643952589, 22.558674785845284, 0.0 ], [ 88.522250476322725, 22.550690072849402, 0.0 ], [ 88.523659474872929, 22.564751334834792, 0.0 ], [ 88.553378247063648, 22.592174718416718, 0.0 ], [ 88.546517105214932, 22.609315570751161, 0.0 ], [ 88.559742012214798, 22.625065963714004, 0.0 ] ] ] ] } },
{ "type": "Feature", "properties": { "OBJECTID": 79, "OBJECTID_1": 79, "STATE_UT": "WEST BENGAL", "STATE_LGD": "19", "DISTRICT": "PURULIYA", "DIST_LGD": "340", "REMARKS": null, "Shape_Leng": 584007.13934600004, "Shape_Area": 6016746178.3100004 }, "geometry": { "type": "Polygon", "coordinates": [ [ [ 86.805808829007688, 23.695857229910462, 0.0 ], [ 86.847747495952106, 23.683207436643581, 0.0 ], [ 86.863975247634059, 23.661688690288198, 0.0 ], [ 86.894209621222572, 23.652166992021602, 0.0 ], [ 86.902361901405499, 23.638139055524274, 0.0 ], [ 86.888373118595652, 23.602335564751261, 0.0 ], [ 86.892151936638825, 23.574994810872138, 0.0 ], [ 86.881126572009492, 23.575487636044816, 0.0 ], [ 86.864376094355748, 23.56684166276515, 0.0 ], [ 86.879407181765899, 23.567117535282943, 0.0 ], [ 86.87842742093828, 23.555650460763111, 0.0 ], [ 86.885548193543102, 23.557261895433772, 0.0 ], [ 86.882555091233101, 23.537677538446399, 0.0 ], [ 86.895878303759318, 23.534353731354884, 0.0 ], [ 86.894411149794976, 23.511609147458152, 0.0 ], [ 86.906205507125776, 23.493044502270831, 0.0 ], [ 86.882435727914157, 23.497449066296031, 0.0 ], [ 86.88163261886622, 23.489105973204648, 0.0 ], [ 86.873120519771547, 23.49094351763414, 0.0 ], [ 86.865584779471604, 23.461990515424684, 0.0 ], [ 86.827073656495031, 23.466344275959717, 0.0 ], [ 86.823391943629971, 23.457733525396662, 0.0 ], [ 86.825704982102422, 23.436632731754813, 0.0 ], [ 86.85536484049922, 23.441750188005162, 0.0 ], [ 86.86578766740115, 23.434265871760271, 0.0 ], [ 86.849893936530833, 23.419437746942499, 0.0 ], [ 86.851646834346198, 23.385180367627544, 0.0 ], [ 86.830803411228018, 23.379496158726322, 0.0 ], [ 86.837417186533571, 23.374504588086204, 0.0 ], [ 86.832013722204195, 23.358015369595485, 0.0 ], [ 86.8164619661042, 23.36149105887722, 0.0 ], [ 86.810178729645898, 23.340720648372187, 0.0 ], [ 86.788910363017223, 23.340132384787374, 0.0 ], [ 86.78508838466864, 23.309330513338594, 0.0 ], [ 86.791870050050804, 23.29899103096519, 0.0 ], [ 86.77895391569794, 23.295665089413571, 0.0 ], [ 86.787256427587224, 23.276256540275075, 0.0 ], [ 86.780338875789681, 23.272821213358164, 0.0 ], [ 86.779783814062512, 23.242698278808255, 0.0 ], [ 86.770220975203316, 23.241149767292931, 0.0 ], [ 86.790838665226289, 23.2112139022794, 0.0 ], [ 86.779762112337565, 23.200381927408138, 0.0 ], [ 86.758510045216809, 23.197598520440526, 0.0 ], [ 86.759022864846472, 23.176662568728592, 0.0 ], [ 86.752343191184309, 23.165580129422818, 0.0 ], [ 86.739086369343013, 23.162079684603519, 0.0 ], [ 86.731207939228, 23.133338485257202, 0.0 ], [ 86.717284958682967, 23.122033898708711, 0.0 ], [ 86.730353255219299, 23.104955032938701, 0.0 ], [ 86.750182990510169, 23.099984044883225, 0.0 ], [ 86.752101176933834, 23.08840748716722, 0.0 ], [ 86.730633651833699, 23.048417684822837, 0.0 ], [ 86.739150932307709, 23.04289913998397, 0.0 ], [ 86.725615120060255, 23.034572890237865, 0.0 ], [ 86.735701669245344, 23.026316149530587, 0.0 ], [ 86.728355386592582, 22.998623502083152, 0.0 ], [ 86.690732144868207, 22.931501158491329, 0.0 ], [ 86.70578558384419, 22.899370290851643, 0.0 ], [ 86.704894727762849, 22.875581198804269, 0.0 ], [ 86.662219751582896, 22.85228085894186, 0.0 ], [ 86.656107222832262, 22.836497612135471, 0.0 ], [ 86.617279978257784, 22.824431349932393, 0.0 ], [ 86.611306540443934, 22.798622862379876, 0.0 ], [ 86.598066040495752, 22.796209980307545, 0.0 ], [ 86.603355682284928, 22.789135695848859, 0.0 ], [ 86.59395871620228, 22.763985169979588, 0.0 ], [ 86.558006311442881, 22.711107391146307, 0.0 ], [ 86.544195256016508, 22.721602891363613, 0.0 ], [ 86.52380119041365, 22.719378721993628, 0.0 ], [ 86.512931195640789, 22.71661879787834, 0.0 ], [ 86.51132507949589, 22.704995768335834, 0.0 ], [ 86.49321408087458, 22.72639475715933, 0.0 ], [ 86.481543619337828, 22.727861232107394, 0.0 ], [ 86.460182203281221, 22.761910604136652, 0.0 ], [ 86.44842480236295, 22.761929862527154, 0.0 ], [ 86.416222457038245, 22.788859937623474, 0.0 ], [ 86.438845709011076, 22.831023290449838, 0.0 ], [ 86.434971221490798, 22.860512396932208, 0.0 ], [ 86.450771683035555, 22.861535270879791, 0.0 ], [ 86.453426084712461, 22.885865401673037, 0.0 ], [ 86.467137976168047, 22.89992692083894, 0.0 ], [ 86.452967526431863, 22.902462744562989, 0.0 ], [ 86.435340085385192, 22.925185170924152, 0.0 ], [ 86.476318073261027, 22.951175428434567, 0.0 ], [ 86.489133377297748, 22.937242760303384, 0.0 ], [ 86.50258033313591, 22.951873390201978, 0.0 ], [ 86.525980009378429, 22.947605258796219, 0.0 ], [ 86.531603370390059, 22.965208049002253, 0.0 ], [ 86.544777323571466, 22.965693922728111, 0.0 ], [ 86.550562850600031, 22.977991086073249, 0.0 ], [ 86.545606162971282, 22.990278275797738, 0.0 ], [ 86.521194203918967, 22.970709654412087, 0.0 ], [ 86.508617094019073, 22.973035083495379, 0.0 ], [ 86.513777140175705, 22.977486046409293, 0.0 ], [ 86.50114751292422, 22.993590349615648, 0.0 ], [ 86.446422499262908, 22.988236642079134, 0.0 ], [ 86.419258873025868, 23.000274068735777, 0.0 ], [ 86.398547779434452, 22.979893325656825, 0.0 ], [ 86.372751760017579, 22.998153256076584, 0.0 ], [ 86.354433789382441, 22.999343744822333, 0.0 ], [ 86.354527423724818, 22.992968598650922, 0.0 ], [ 86.3436953416997, 22.99649286902212, 0.0 ], [ 86.339533282352264, 22.989814059515446, 0.0 ], [ 86.308895327909426, 23.003417604203189, 0.0 ], [ 86.303738375281029, 23.015998448118726, 0.0 ], [ 86.248499215896032, 22.99491030047848, 0.0 ], [ 86.185025578586036, 23.005383632327664, 0.0 ], [ 86.167744096944034, 23.032559948314788, 0.0 ], [ 86.156016685092311, 23.031172000148416, 0.0 ], [ 86.158044628096846, 23.046179200417811, 0.0 ], [ 86.141980041494193, 23.054249727762684, 0.0 ], [ 86.146257069335491, 23.074959059814084, 0.0 ], [ 86.127162833863466, 23.08692023170785, 0.0 ], [ 86.098024085470314, 23.084195218927025, 0.0 ], [ 86.090047234478646, 23.094713301032058, 0.0 ], [ 86.051256608161012, 23.105526164972343, 0.0 ], [ 86.055913629272823, 23.122739074614501, 0.0 ], [ 86.04452189850663, 23.144237814795684, 0.0 ], [ 86.024548825962924, 23.14428032161932, 0.0 ], [ 86.0177980181263, 23.154714121219545, 0.0 ], [ 86.001164076104246, 23.148349433119161, 0.0 ], [ 85.957614405622778, 23.16104554134877, 0.0 ], [ 85.95136894789313, 23.151729991629505, 0.0 ], [ 85.927707262034573, 23.148569993505685, 0.0 ], [ 85.894542227916347, 23.155128287867207, 0.0 ], [ 85.881769895923057, 23.169608413622033, 0.0 ], [ 85.883021351929784, 23.197370058051366, 0.0 ], [ 85.867527426060519, 23.219289392158505, 0.0 ], [ 85.836580955058082, 23.220526153836392, 0.0 ], [ 85.83860565464407, 23.246834408898632, 0.0 ], [ 85.819717096542064, 23.268883090508293, 0.0 ], [ 85.838383474142759, 23.306496862010793, 0.0 ], [ 85.868199452200002, 23.329783873194273, 0.0 ], [ 85.866252765893506, 23.341522117254009, 0.0 ], [ 85.883067848510564, 23.350782124053488, 0.0 ], [ 85.875165894019744, 23.359825210580045, 0.0 ], [ 85.878432735033243, 23.381676507885867, 0.0 ], [ 85.870812512466969, 23.388814230921909, 0.0 ], [ 85.902792575844643, 23.398329116075786, 0.0 ], [ 85.886895728475608, 23.404335584599078, 0.0 ], [ 85.891435832330885, 23.410222370450967, 0.0 ], [ 85.880287564702087, 23.422394663706282, 0.0 ], [ 85.886633120922426, 23.425134843662935, 0.0 ], [ 85.882582473453979, 23.430584223804654, 0.0 ], [ 85.863892385240973, 23.431355858689219, 0.0 ], [ 85.862489927304779, 23.461518330594995, 0.0 ], [ 85.870001236806061, 23.474945537050885, 0.0 ], [ 85.887151560270738, 23.484313228584021, 0.0 ], [ 85.907199894571207, 23.483705629812299, 0.0 ], [ 85.954993212058142, 23.471016214932817, 0.0 ], [ 86.053836426608413, 23.48705670884917, 0.0 ], [ 86.056710304642806, 23.495080583212051, 0.0 ], [ 86.038190577923856, 23.497775503851308, 0.0 ], [ 86.039236545523565, 23.515038573276072, 0.0 ], [ 86.023655813568141, 23.536920528520387, 0.0 ], [ 86.027647561903962, 23.542110436951596, 0.0 ], [ 86.016277773533488, 23.547317205691993, 0.0 ], [ 86.017815170037267, 23.559593506391007, 0.0 ], [ 86.040127296257481, 23.575259723155153, 0.0 ], [ 86.0420643787335, 23.586881388330056, 0.0 ], [ 86.077429046493791, 23.579212687961704, 0.0 ], [ 86.07273599821346, 23.568841063702813, 0.0 ], [ 86.080867363598188, 23.565678933271034, 0.0 ], [ 86.126665294675817, 23.569401167229156, 0.0 ], [ 86.131249281643377, 23.559288428307127, 0.0 ], [ 86.158346866467667, 23.559980478762419, 0.0 ], [ 86.148628424769043, 23.519345971095603, 0.0 ], [ 86.162392886982303, 23.50848562456855, 0.0 ], [ 86.148824966812754, 23.465257284435907, 0.0 ], [ 86.178288307981262, 23.469841651310077, 0.0 ], [ 86.181724728456203, 23.460084265720774, 0.0 ], [ 86.2283833000036, 23.442882439461041, 0.0 ], [ 86.232616600568221, 23.462243059799405, 0.0 ], [ 86.245567915167499, 23.459317243323721, 0.0 ], [ 86.229871186561056, 23.430822794752174, 0.0 ], [ 86.23431052608052, 23.420892003305013, 0.0 ], [ 86.248864913001881, 23.422467746899162, 0.0 ], [ 86.247393482063657, 23.411135168239159, 0.0 ], [ 86.259146950937406, 23.413306470488763, 0.0 ], [ 86.252207290421239, 23.42677301511522, 0.0 ], [ 86.264092785891634, 23.430768434303765, 0.0 ], [ 86.289486866914018, 23.429055530790919, 0.0 ], [ 86.290942454111786, 23.417593510629587, 0.0 ], [ 86.310553336838453, 23.411359252707424, 0.0 ], [ 86.317571515562193, 23.426468238287875, 0.0 ], [ 86.305766346191604, 23.434824556534846, 0.0 ], [ 86.334786874571364, 23.446577746886089, 0.0 ], [ 86.336799888486283, 23.440180901582053, 0.0 ], [ 86.351458963058121, 23.442093714027429, 0.0 ], [ 86.349720070314106, 23.451547154674614, 0.0 ], [ 86.359697605680878, 23.452248333339007, 0.0 ], [ 86.364090138776504, 23.471688954013967, 0.0 ], [ 86.37946276805873, 23.47363977014453, 0.0 ], [ 86.378802270595855, 23.484790961649313, 0.0 ], [ 86.362419905211254, 23.484248618478961, 0.0 ], [ 86.363568379536389, 23.501610610983771, 0.0 ], [ 86.375194610740493, 23.510342510021097, 0.0 ], [ 86.365107758619146, 23.532689589373867, 0.0 ], [ 86.389382078142262, 23.561199339661613, 0.0 ], [ 86.388158869798701, 23.573948700176942, 0.0 ], [ 86.413560158538274, 23.575705431482739, 0.0 ], [ 86.421225563422865, 23.590100475852218, 0.0 ], [ 86.447084420081438, 23.598135930528127, 0.0 ], [ 86.446429036719167, 23.618718207159063, 0.0 ], [ 86.461806723915572, 23.630299514565742, 0.0 ], [ 86.492032274927269, 23.638279728450119, 0.0 ], [ 86.535397418591586, 23.631236918362099, 0.0 ], [ 86.574444391286633, 23.648049203982879, 0.0 ], [ 86.598973704095897, 23.6654952691134, 0.0 ], [ 86.597570120138087, 23.673756569275731, 0.0 ], [ 86.633793549147342, 23.675167706822808, 0.0 ], [ 86.714947702184773, 23.698875560173423, 0.0 ], [ 86.739059620305071, 23.694232520405528, 0.0 ], [ 86.747335482662393, 23.678786597973435, 0.0 ], [ 86.805808829007688, 23.695857229910462, 0.0 ] ] ] } },
{ "type": "Feature", "properties": { "OBJECTID": 80, "OBJECTID_1": 80, "STATE_UT": "WEST BENGAL", "STATE_LGD": "19", "DISTRICT": "PASCHIM MEDINIPUR", "DIST_LGD": "344", "REMARKS": null, "Shape_Leng": 556152.80480399996, "Shape_Area": 6037537764.1499996 }, "geometry": { "type": "Polygon", "coordinates": [ [ [ 87.367782911939287, 22.945718786280132, 0.0 ], [ 87.470587878637801, 22.910081600830125, 0.0 ], [ 87.522222075553231, 22.930489216348562, 0.0 ], [ 87.522339423660398, 22.91724226203138, 0.0 ], [ 87.504231753092611, 22.918023984432658, 0.0 ], [ 87.510644137289475, 22.897232777238141, 0.0 ], [ 87.527271747978801, 22.897483361124582, 0.0 ], [ 87.522765182037872, 22.889412175222276, 0.0 ], [ 87.532696482584186, 22.882298184208917, 0.0 ], [ 87.516146752803095, 22.866385623548965, 0.0 ], [ 87.555679475477746, 22.867428604274139, 0.0 ], [ 87.588754652241221, 22.841365623342817, 0.0 ], [ 87.610849962029263, 22.850805714458296, 0.0 ], [ 87.621728584082746, 22.845885014759709, 0.0 ], [ 87.629064461058732, 22.812771802307086, 0.0 ], [ 87.649927018860879, 22.801654069420803, 0.0 ], [ 87.683140103021429, 22.802246205342335, 0.0 ], [ 87.677001626173947, 22.782661947657754, 0.0 ], [ 87.685928932880472, 22.776012662301966, 0.0 ], [ 87.718165372609391, 22.788612538840326, 0.0 ], [ 87.726714920576441, 22.786972960835062, 0.0 ], [ 87.725435465668639, 22.775157867790799, 0.0 ], [ 87.739597158800947, 22.778444446575833, 0.0 ], [ 87.740862775955392, 22.736984004196508, 0.0 ], [ 87.760778122453118, 22.723853916405861, 0.0 ], [ 87.764633871464696, 22.688060479682861, 0.0 ], [ 87.798271045927436, 22.652277185752858, 0.0 ], [ 87.80334988157459, 22.633864684952442, 0.0 ], [ 87.814445801552409, 22.634031568309872, 0.0 ], [ 87.814393297140143, 22.614975883731205, 0.0 ], [ 87.824551198497417, 22.616089027119624, 0.0 ], [ 87.825867729100253, 22.607285526433184, 0.0 ], [ 87.851745754139088, 22.59607876864245, 0.0 ], [ 87.855805891330903, 22.586460135534132, 0.0 ], [ 87.844583354238054, 22.555063186182554, 0.0 ], [ 87.864698871532411, 22.531922892932258, 0.0 ], [ 87.890637298679891, 22.519393298711609, 0.0 ], [ 87.884553514712152, 22.509241237928851, 0.0 ], [ 87.846555646414259, 22.511920740266149, 0.0 ], [ 87.816353302980957, 22.499148852324755, 0.0 ], [ 87.793288737705097, 22.478887764722028, 0.0 ], [ 87.784558608314697, 22.485141143300456, 0.0 ], [ 87.761654505090277, 22.473219764713438, 0.0 ], [ 87.745762373001014, 22.474704889192292, 0.0 ], [ 87.738975633890817, 22.487289262039763, 0.0 ], [ 87.709542064906969, 22.489632377233324, 0.0 ], [ 87.692029052556435, 22.50733450349178, 0.0 ], [ 87.688988862732558, 22.489885505429054, 0.0 ], [ 87.673807480947886, 22.483650568451161, 0.0 ], [ 87.671157093218085, 22.461011946077686, 0.0 ], [ 87.659279655570828, 22.461904296937053, 0.0 ], [ 87.646052483099609, 22.435076703736474, 0.0 ], [ 87.658222885403788, 22.407635556953771, 0.0 ], [ 87.644309520572165, 22.363541326409848, 0.0 ], [ 87.644077549254035, 22.333184887280186, 0.0 ], [ 87.647464088884718, 22.325115601170992, 0.0 ], [ 87.656575095133462, 22.331963870448284, 0.0 ], [ 87.665349902775844, 22.33121252092057, 0.0 ], [ 87.664289694920456, 22.323306448993034, 0.0 ], [ 87.699133619315063, 22.329331593676418, 0.0 ], [ 87.723844837460476, 22.319339812628883, 0.0 ], [ 87.705900548130998, 22.280052577704939, 0.0 ], [ 87.699144820359095, 22.219165842068062, 0.0 ], [ 87.713599097646792, 22.215541872324348, 0.0 ], [ 87.713093773468373, 22.206068862890739, 0.0 ], [ 87.729525633697961, 22.203639135441229, 0.0 ], [ 87.728913687100174, 22.188905719685138, 0.0 ], [ 87.7095292605309, 22.180522600136932, 0.0 ], [ 87.701694198500306, 22.125167453122049, 0.0 ], [ 87.673389692848602, 22.104718509621719, 0.0 ], [ 87.594168702450673, 22.103001537039702, 0.0 ], [ 87.564115352606706, 22.094535377901554, 0.0 ], [ 87.553742748317319, 22.082691552556486, 0.0 ], [ 87.491930019597262, 22.08896453421233, 0.0 ], [ 87.474603467487327, 22.074169673066624, 0.0 ], [ 87.487127455288217, 22.062620139629484, 0.0 ], [ 87.478541665023869, 22.046500944581645, 0.0 ], [ 87.490553091048042, 22.045508667704706, 0.0 ], [ 87.485572879982257, 22.031500577160941, 0.0 ], [ 87.477992956400499, 22.03775482122095, 0.0 ], [ 87.465146232438443, 22.026568387311855, 0.0 ], [ 87.459991233175231, 22.006436545809937, 0.0 ], [ 87.478722228107003, 22.001151867336034, 0.0 ], [ 87.485971096263171, 21.957119234816719, 0.0 ], [ 87.506300362436917, 21.958052424073365, 0.0 ], [ 87.512896116182546, 21.948466203921054, 0.0 ], [ 87.49963681682496, 21.950298844371748, 0.0 ], [ 87.4952490507319, 21.937799958253809, 0.0 ], [ 87.481465791332198, 21.939046549648662, 0.0 ], [ 87.477115733491914, 21.899289857780268, 0.0 ], [ 87.448717836570637, 21.890165300456818, 0.0 ], [ 87.45650687248451, 21.845312961712796, 0.0 ], [ 87.441045966071613, 21.840081657877061, 0.0 ], [ 87.444790423768254, 21.821512007055443, 0.0 ], [ 87.425988885795178, 21.796226785071333, 0.0 ], [ 87.43881877866211, 21.789787766056374, 0.0 ], [ 87.440289471023874, 21.769927488287625, 0.0 ], [ 87.397746993316645, 21.76657870171428, 0.0 ], [ 87.385062688007054, 21.776767118593085, 0.0 ], [ 87.374010983318371, 21.772807110957807, 0.0 ], [ 87.373759758514311, 21.764990512193766, 0.0 ], [ 87.371825639274704, 21.778758662272882, 0.0 ], [ 87.355516459922512, 21.792173266017624, 0.0 ], [ 87.338131537671416, 21.784859313402482, 0.0 ], [ 87.336030804784656, 21.793542407202217, 0.0 ], [ 87.319462050430957, 21.790724191610174, 0.0 ], [ 87.321635091925813, 21.797674519340056, 0.0 ], [ 87.310656029604544, 21.793854788466646, 0.0 ], [ 87.298380510061392, 21.801209883557096, 0.0 ], [ 87.296982210717701, 21.81155441465015, 0.0 ], [ 87.282717714681439, 21.802759597964133, 0.0 ], [ 87.27519348790014, 21.81697024589754, 0.0 ], [ 87.263895534467878, 21.818584037129359, 0.0 ], [ 87.270877264402898, 21.82705991679228, 0.0 ], [ 87.25954248480258, 21.849214717678763, 0.0 ], [ 87.249028132114091, 21.853225790675101, 0.0 ], [ 87.252320829330259, 21.877111205091321, 0.0 ], [ 87.234260848872239, 21.901053819640961, 0.0 ], [ 87.249200317438962, 21.915149897436823, 0.0 ], [ 87.249812636725636, 21.934972661676923, 0.0 ], [ 87.225788561879241, 21.957557588072401, 0.0 ], [ 87.231880241714322, 21.980217091121787, 0.0 ], [ 87.218298865196346, 21.985770275869172, 0.0 ], [ 87.198105497867559, 22.036007843479151, 0.0 ], [ 87.191319250042142, 22.034218046427192, 0.0 ], [ 87.193985480167697, 22.03937812113395, 0.0 ], [ 87.172229542283404, 22.05663933953452, 0.0 ], [ 87.155073054243104, 22.085880820587509, 0.0 ], [ 87.135044086844147, 22.089197430313604, 0.0 ], [ 87.14463468304163, 22.105858671149324, 0.0 ], [ 87.137498472605742, 22.125465280890719, 0.0 ], [ 87.15328027633268, 22.136652708932541, 0.0 ], [ 87.152913344676733, 22.144568353153289, 0.0 ], [ 87.160277258385705, 22.149868080028345, 0.0 ], [ 87.179017055461884, 22.138321720064454, 0.0 ], [ 87.182155511344774, 22.144881632864934, 0.0 ], [ 87.179846328218645, 22.152563139594172, 0.0 ], [ 87.168018989526658, 22.152467158334979, 0.0 ], [ 87.170682421022775, 22.19118163808243, 0.0 ], [ 87.178579000241058, 22.186248471446479, 0.0 ], [ 87.182917222001521, 22.195535188068426, 0.0 ], [ 87.172399554883157, 22.208393818585389, 0.0 ], [ 87.17654098880044, 22.236275075444183, 0.0 ], [ 87.207146397282386, 22.238050883934932, 0.0 ], [ 87.222111967779696, 22.227612280422861, 0.0 ], [ 87.22777161208424, 22.240942721896271, 0.0 ], [ 87.218015052988818, 22.266862412325416, 0.0 ], [ 87.191995374334155, 22.282001379394604, 0.0 ], [ 87.206180088899757, 22.304648538717803, 0.0 ], [ 87.156209411973876, 22.330176885968307, 0.0 ], [ 87.156779848826432, 22.342025012051984, 0.0 ], [ 87.166525358605156, 22.3388576681015, 0.0 ], [ 87.189276853040852, 22.376503593294597, 0.0 ], [ 87.219948637845846, 22.380624834580733, 0.0 ], [ 87.258336376789217, 22.402707978435135, 0.0 ], [ 87.245541247739197, 22.416301313024146, 0.0 ], [ 87.238614968258872, 22.408874132007995, 0.0 ], [ 87.208027375442498, 22.410743712420206, 0.0 ], [ 87.190106644966676, 22.396980131901937, 0.0 ], [ 87.173048152938449, 22.395680940795145, 0.0 ], [ 87.162747827540954, 22.408809503094279, 0.0 ], [ 87.162630719445175, 22.425308378946287, 0.0 ], [ 87.14953626177406, 22.420434227294813, 0.0 ], [ 87.103387686600712, 22.431663666833412, 0.0 ], [ 87.119346753835245, 22.446077899940864, 0.0 ], [ 87.117466205474926, 22.45751042789994, 0.0 ], [ 87.083306782572265, 22.470739091407918, 0.0 ], [ 87.093424852220579, 22.518881657398406, 0.0 ], [ 87.114505481563086, 22.5402144970775, 0.0 ], [ 87.092353933811893, 22.584722034621286, 0.0 ], [ 87.101996404821691, 22.608934174214831, 0.0 ], [ 87.088888291990926, 22.633923053440377, 0.0 ], [ 87.096644922117363, 22.662984121771526, 0.0 ], [ 87.123601537485698, 22.683291470319283, 0.0 ], [ 87.11648709870407, 22.693319249988047, 0.0 ], [ 87.100204930190472, 22.69493376797082, 0.0 ], [ 87.090378620672041, 22.719191591242431, 0.0 ], [ 87.075930970668495, 22.725838373339652, 0.0 ], [ 87.088586950264371, 22.739138836165857, 0.0 ], [ 87.082864048092929, 22.76492956959078, 0.0 ], [ 87.053509459409014, 22.822887733358922, 0.0 ], [ 87.063817656922183, 22.850754400008441, 0.0 ], [ 87.128279408708806, 22.844269670079104, 0.0 ], [ 87.171328645693151, 22.890036596233099, 0.0 ], [ 87.211017374726211, 22.893975639432753, 0.0 ], [ 87.221436203282707, 22.907880483649873, 0.0 ], [ 87.247869559784093, 22.895654441482279, 0.0 ], [ 87.284671596219951, 22.911446277362362, 0.0 ], [ 87.28678480628011, 22.922003588234947, 0.0 ], [ 87.308208142865581, 22.929360127886333, 0.0 ], [ 87.319738823368411, 22.946589259383369, 0.0 ], [ 87.358835943551441, 22.955194960390646, 0.0 ], [ 87.367782911939287, 22.945718786280132, 0.0 ] ] ] } },
{ "type": "Feature", "properties": { "OBJECTID": 81, "OBJECTID_1": 81, "STATE_UT": "WEST BENGAL", "STATE_LGD": "19", "DISTRICT": "PASCHIM BARDDHAMAN", "DIST_LGD": "728", "REMARKS": null, "Shape_Leng": 253708.76793900001, "Shape_Area": 1547975684.2 }, "geometry": { "type": "Polygon", "coordinates": [ [ [ 86.916204870702714, 23.881859345156172, 0.0 ], [ 86.945992344295647, 23.846576323590469, 0.0 ], [ 86.961484067390614, 23.849150801461498, 0.0 ], [ 86.973239226180965, 23.868772684064179, 0.0 ], [ 87.037967812930987, 23.839214317525375, 0.0 ], [ 87.057329267406161, 23.820976802936929, 0.0 ], [ 87.090967118983713, 23.806185266422517, 0.0 ], [ 87.120109408066824, 23.768574493450032, 0.0 ], [ 87.155143090230723, 23.748733181830186, 0.0 ], [ 87.209813992082857, 23.74995035205319, 0.0 ], [ 87.225770780847284, 23.740162517464185, 0.0 ], [ 87.263999763600779, 23.749423615477479, 0.0 ], [ 87.293120382402606, 23.722228595476807, 0.0 ], [ 87.355203704380969, 23.71983883502924, 0.0 ], [ 87.367056478763672, 23.702273934453864, 0.0 ], [ 87.414608019865014, 23.684838862004327, 0.0 ], [ 87.409973461145626, 23.657626204368146, 0.0 ], [ 87.445963396102186, 23.61364230053498, 0.0 ], [ 87.473644547014459, 23.61277872033213, 0.0 ], [ 87.502303810250226, 23.601027927885436, 0.0 ], [ 87.514590322332296, 23.618355201085905, 0.0 ], [ 87.531013548197691, 23.618795039556161, 0.0 ], [ 87.528511784308748, 23.589796284270623, 0.0 ], [ 87.519450289127619, 23.588778986532933, 0.0 ], [ 87.487047729632835, 23.552364382467545, 0.0 ], [ 87.491897889607898, 23.537796618821059, 0.0 ], [ 87.475025933570663, 23.542624581903709, 0.0 ], [ 87.471853864642554, 23.532264787660552, 0.0 ], [ 87.482872537651147, 23.525154203680536, 0.0 ], [ 87.466021929085812, 23.531401678899684, 0.0 ], [ 87.472611374202756, 23.523555034991112, 0.0 ], [ 87.45001483773423, 23.481014849924211, 0.0 ], [ 87.466608232650003, 23.478143350907775, 0.0 ], [ 87.470141871143667, 23.440407620537069, 0.0 ], [ 87.458678952655944, 23.427872653431884, 0.0 ], [ 87.462718415649277, 23.421298438590966, 0.0 ], [ 87.45391013487172, 23.425944543219138, 0.0 ], [ 87.445379455855758, 23.418670622198704, 0.0 ], [ 87.444300733326799, 23.431247313570733, 0.0 ], [ 87.434165706329409, 23.42121782235774, 0.0 ], [ 87.442249110545433, 23.420698342485991, 0.0 ], [ 87.440618940479567, 23.410224917352483, 0.0 ], [ 87.449065436552658, 23.402943024844802, 0.0 ], [ 87.274717284921365, 23.500650644724061, 0.0 ], [ 87.209854075066502, 23.557769872363455, 0.0 ], [ 87.121852748395568, 23.576401432321113, 0.0 ], [ 87.013361758108175, 23.632517260793161, 0.0 ], [ 86.912204659149907, 23.6305254872684, 0.0 ], [ 86.894209621222572, 23.652166992021602, 0.0 ], [ 86.863975247634059, 23.661688690288198, 0.0 ], [ 86.847747495952106, 23.683207436643581, 0.0 ], [ 86.826369210274223, 23.684795645250485, 0.0 ], [ 86.800614999099025, 23.699385177351502, 0.0 ], [ 86.812285537300724, 23.744761390986426, 0.0 ], [ 86.826094423371316, 23.74921334170466, 0.0 ], [ 86.828366020712451, 23.760195304650473, 0.0 ], [ 86.819838969827941, 23.788254522930696, 0.0 ], [ 86.803357459669343, 23.801299005335579, 0.0 ], [ 86.810088691909115, 23.821409483123137, 0.0 ], [ 86.799404233383569, 23.83224375077646, 0.0 ], [ 86.810258295805681, 23.835287067303664, 0.0 ], [ 86.813873168856574, 23.819316397972802, 0.0 ], [ 86.826535621467443, 23.81393976701299, 0.0 ], [ 86.838785143763033, 23.824588346094142, 0.0 ], [ 86.852898509799488, 23.824952284466924, 0.0 ], [ 86.8636288968126, 23.844460621279389, 0.0 ], [ 86.874215531310142, 23.847309701800611, 0.0 ], [ 86.890296767671614, 23.820502232543088, 0.0 ], [ 86.892816271538408, 23.837282285069168, 0.0 ], [ 86.880243220035567, 23.862324713025878, 0.0 ], [ 86.895919164983965, 23.878286654719222, 0.0 ], [ 86.916204870702714, 23.881859345156172, 0.0 ] ] ] } },
{ "type": "Feature", "properties": { "OBJECTID": 82, "OBJECTID_1": 82, "STATE_UT": "WEST BENGAL", "STATE_LGD": "19", "DISTRICT": "JHARGRAM", "DIST_LGD": "727", "REMARKS": null, "Shape_Leng": 480273.68456700002, "Shape_Area": 2982620651.6799998 }, "geometry": { "type": "Polygon", "coordinates": [ [ [ 86.598066040495752, 22.796209980307545, 0.0 ], [ 86.659982329269639, 22.786993772121267, 0.0 ], [ 86.671113250331544, 22.770493037254308, 0.0 ], [ 86.695816565344813, 22.768380185689136, 0.0 ], [ 86.718372107737139, 22.744563257582875, 0.0 ], [ 86.749647821725461, 22.737307709700104, 0.0 ], [ 86.787573637140682, 22.711646974059725, 0.0 ], [ 86.804117015338207, 22.709059145647949, 0.0 ], [ 86.845878161162588, 22.684885119013668, 0.0 ], [ 86.861664768967501, 22.666149623425898, 0.0 ], [ 86.890499277643713, 22.655272712174231, 0.0 ], [ 86.917922877916297, 22.626420810760877, 0.0 ], [ 86.953652999782179, 22.637212328979423, 0.0 ], [ 86.946096069372601, 22.650684492688043, 0.0 ], [ 86.948523408250253, 22.669136707766054, 0.0 ], [ 86.957824413949666, 22.666947009085899, 0.0 ], [ 86.962953404926495, 22.676457635173964, 0.0 ], [ 86.966749110369406, 22.669971826013285, 0.0 ], [ 86.985092523619798, 22.671757499023261, 0.0 ], [ 87.006182703306237, 22.648840958443152, 0.0 ], [ 87.015298965000525, 22.648635277671563, 0.0 ], [ 87.02169569614081, 22.667910212432492, 0.0 ], [ 87.01587634286345, 22.692838788573585, 0.0 ], [ 87.053238529541034, 22.728425773402254, 0.0 ], [ 87.071519483348766, 22.7302571889443, 0.0 ], [ 87.090378620672041, 22.719191591242431, 0.0 ], [ 87.098803182228664, 22.696233878346142, 0.0 ], [ 87.11648709870407, 22.693319249988047, 0.0 ], [ 87.123538241115526, 22.683706802831178, 0.0 ], [ 87.096644922117363, 22.662984121771526, 0.0 ], [ 87.088888291990926, 22.633923053440377, 0.0 ], [ 87.101996404821691, 22.608934174214831, 0.0 ], [ 87.092353933811893, 22.584722034621286, 0.0 ], [ 87.114505481563086, 22.5402144970775, 0.0 ], [ 87.093424852220579, 22.518881657398406, 0.0 ], [ 87.083306782572265, 22.470739091407918, 0.0 ], [ 87.117466205474926, 22.45751042789994, 0.0 ], [ 87.119346753835245, 22.446077899940864, 0.0 ], [ 87.103387686600712, 22.431663666833412, 0.0 ], [ 87.14953626177406, 22.420434227294813, 0.0 ], [ 87.162630719445175, 22.425308378946287, 0.0 ], [ 87.162747827540954, 22.408809503094279, 0.0 ], [ 87.173048152938449, 22.395680940795145, 0.0 ], [ 87.190106644966676, 22.396980131901937, 0.0 ], [ 87.208027375442498, 22.410743712420206, 0.0 ], [ 87.238614968258872, 22.408874132007995, 0.0 ], [ 87.245541247739197, 22.416301313024146, 0.0 ], [ 87.258336376789217, 22.402707978435135, 0.0 ], [ 87.219948637845846, 22.380624834580733, 0.0 ], [ 87.189276853040852, 22.376503593294597, 0.0 ], [ 87.166525358605156, 22.3388576681015, 0.0 ], [ 87.156779848826432, 22.342025012051984, 0.0 ], [ 87.156209411973876, 22.330176885968307, 0.0 ], [ 87.206180088899757, 22.304648538717803, 0.0 ], [ 87.191995374334155, 22.282001379394604, 0.0 ], [ 87.218015052988818, 22.266862412325416, 0.0 ], [ 87.22777161208424, 22.240942721896271, 0.0 ], [ 87.222111967779696, 22.227612280422861, 0.0 ], [ 87.207146397282386, 22.238050883934932, 0.0 ], [ 87.17654098880044, 22.236275075444183, 0.0 ], [ 87.172399554883157, 22.208393818585389, 0.0 ], [ 87.182917222001521, 22.195535188068426, 0.0 ], [ 87.178579000241058, 22.186248471446479, 0.0 ], [ 87.170682421022775, 22.19118163808243, 0.0 ], [ 87.168018989526658, 22.152467158334979, 0.0 ], [ 87.179846328218645, 22.152563139594172, 0.0 ], [ 87.182155511344774, 22.144881632864934, 0.0 ], [ 87.179017055461884, 22.138321720064454, 0.0 ], [ 87.160277258385705, 22.149868080028345, 0.0 ], [ 87.152913344676733, 22.144568353153289, 0.0 ], [ 87.15328027633268, 22.136652708932541, 0.0 ], [ 87.137498472605742, 22.125465280890719, 0.0 ], [ 87.14463468304163, 22.105858671149324, 0.0 ], [ 87.135044086844147, 22.089197430313604, 0.0 ], [ 87.155073054243104, 22.085880820587509, 0.0 ], [ 87.172229542283404, 22.05663933953452, 0.0 ], [ 87.193985480167697, 22.03937812113395, 0.0 ], [ 87.191319250042142, 22.034218046427192, 0.0 ], [ 87.198105497867559, 22.036007843479151, 0.0 ], [ 87.231539301131363, 21.970734736667691, 0.0 ], [ 87.224108365929823, 21.956845110187679, 0.0 ], [ 87.210602686506263, 21.964361852012992, 0.0 ], [ 87.198057410816801, 21.959238145882928, 0.0 ], [ 87.170413720630961, 21.979937904970583, 0.0 ], [ 87.16198666029355, 21.967612624156949, 0.0 ], [ 87.161402604949757, 21.934920250279433, 0.0 ], [ 87.097099673007762, 21.913937528702878, 0.0 ], [ 87.090574886632837, 21.901066948263463, 0.0 ], [ 87.098846290569796, 21.890718843970731, 0.0 ], [ 87.097931694372576, 21.86692165271824, 0.0 ], [ 87.033459271336625, 21.870135431169064, 0.0 ], [ 87.022926158919816, 21.892314074170358, 0.0 ], [ 86.999721833820928, 21.913245487498493, 0.0 ], [ 87.03035344305296, 21.985343132390877, 0.0 ], [ 87.022339820708069, 22.019486129269147, 0.0 ], [ 87.026695644221732, 22.037085657326706, 0.0 ], [ 86.993141651584978, 22.055247880570878, 0.0 ], [ 86.964707092116754, 22.085740498027729, 0.0 ], [ 86.850153653836898, 22.103778675299349, 0.0 ], [ 86.843633166607631, 22.096308949784138, 0.0 ], [ 86.833738197724841, 22.098699813082735, 0.0 ], [ 86.824621354834719, 22.118921867410496, 0.0 ], [ 86.806414139216727, 22.119705271219104, 0.0 ], [ 86.809967606094006, 22.127410092912669, 0.0 ], [ 86.799410495097987, 22.130372034915144, 0.0 ], [ 86.802007192065716, 22.150706159818807, 0.0 ], [ 86.793845300856248, 22.157484373212927, 0.0 ], [ 86.719710716103648, 22.147281480360817, 0.0 ], [ 86.716366669072116, 22.186319070685194, 0.0 ], [ 86.724961979317825, 22.218020086382921, 0.0 ], [ 86.754219619682729, 22.211434992835997, 0.0 ], [ 86.776413574598152, 22.217864633608656, 0.0 ], [ 86.777675284394732, 22.236594184273947, 0.0 ], [ 86.794905143629805, 22.227787729858104, 0.0 ], [ 86.784469276871377, 22.230597265210875, 0.0 ], [ 86.779073329116159, 22.216915513455369, 0.0 ], [ 86.802414582221786, 22.217549780346825, 0.0 ], [ 86.812022980886951, 22.241226826764919, 0.0 ], [ 86.794861768885582, 22.243169356998745, 0.0 ], [ 86.792261748043302, 22.26630195959088, 0.0 ], [ 86.801112084457316, 22.265197091426991, 0.0 ], [ 86.798005945950734, 22.247021592315814, 0.0 ], [ 86.803992463507427, 22.243584584133416, 0.0 ], [ 86.813592057044119, 22.267390985377922, 0.0 ], [ 86.818251615021225, 22.253720201899181, 0.0 ], [ 86.823955627446765, 22.266755237832449, 0.0 ], [ 86.886324646515888, 22.257238556439024, 0.0 ], [ 86.887790153732794, 22.297459435265214, 0.0 ], [ 86.832110738623669, 22.32722783714911, 0.0 ], [ 86.846354155788887, 22.39908308736895, 0.0 ], [ 86.807074394853245, 22.421259038767605, 0.0 ], [ 86.764531071890303, 22.427262946267771, 0.0 ], [ 86.763173484255788, 22.44838441354646, 0.0 ], [ 86.751007659063916, 22.456706028668624, 0.0 ], [ 86.749871307046007, 22.482947635255375, 0.0 ], [ 86.791173657077309, 22.47742567441183, 0.0 ], [ 86.801603566832938, 22.488831792745007, 0.0 ], [ 86.793776202872635, 22.496458661780299, 0.0 ], [ 86.802388046027389, 22.503040403897668, 0.0 ], [ 86.786851694339433, 22.52685478245326, 0.0 ], [ 86.789287366363155, 22.549003213758201, 0.0 ], [ 86.774840393306093, 22.549053381735757, 0.0 ], [ 86.766443402642963, 22.557739608499748, 0.0 ], [ 86.771953054711901, 22.565311374766878, 0.0 ], [ 86.758499844088817, 22.57787602011215, 0.0 ], [ 86.709961092614847, 22.582857193756919, 0.0 ], [ 86.659029307882918, 22.575065103442316, 0.0 ], [ 86.656000237655476, 22.591391056036741, 0.0 ], [ 86.638415164228576, 22.598331887862027, 0.0 ], [ 86.633122772260194, 22.611269083711157, 0.0 ], [ 86.641240044224361, 22.659107774603836, 0.0 ], [ 86.558324036939908, 22.711621973486206, 0.0 ], [ 86.601614118318977, 22.780236303434865, 0.0 ], [ 86.598066040495752, 22.796209980307545, 0.0 ] ] ] } },
{ "type": "Feature", "properties": { "OBJECTID": 83, "OBJECTID_1": 83, "STATE_UT": "WEST BENGAL", "STATE_LGD": "19", "DISTRICT": "HUGLI", "DIST_LGD": "338", "REMARKS": null, "Shape_Leng": 499839.73401900003, "Shape_Area": 3038716148.6100001 }, "geometry": { "type": "Polygon", "coordinates": [ [ [ 88.472725272869326, 23.211833496876466, 0.0 ], [ 88.450652191219675, 23.13324194499269, 0.0 ], [ 88.502136267399408, 23.128124045773809, 0.0 ], [ 88.507315792924587, 23.111499778793725, 0.0 ], [ 88.499079936884584, 23.076931916447386, 0.0 ], [ 88.467751185321944, 23.079758787078443, 0.0 ], [ 88.447617358102221, 23.026057181182892, 0.0 ], [ 88.422493718625958, 23.017887872288274, 0.0 ], [ 88.405947475666906, 22.989401673738566, 0.0 ], [ 88.412504092613958, 22.943280028588504, 0.0 ], [ 88.401315960213438, 22.916255435604999, 0.0 ], [ 88.407508245698054, 22.883258642647789, 0.0 ], [ 88.37171316455229, 22.860754260313882, 0.0 ], [ 88.376273445409197, 22.832508243590368, 0.0 ], [ 88.357262954328959, 22.825021131429303, 0.0 ], [ 88.353653287912948, 22.798548948862383, 0.0 ], [ 88.331993136843565, 22.781224522268136, 0.0 ], [ 88.362194226973443, 22.745113092281183, 0.0 ], [ 88.363455518934543, 22.685557852259187, 0.0 ], [ 88.351781109266881, 22.655276693419353, 0.0 ], [ 88.319157393424788, 22.670594322844408, 0.0 ], [ 88.307723214858072, 22.661461925094603, 0.0 ], [ 88.28212654111752, 22.665203314146474, 0.0 ], [ 88.277150029738593, 22.658358153141716, 0.0 ], [ 88.239009920276857, 22.67835822474656, 0.0 ], [ 88.196919430899953, 22.663214891004952, 0.0 ], [ 88.182173906417205, 22.671065475612938, 0.0 ], [ 88.17994278516322, 22.652338188931534, 0.0 ], [ 88.171606284951196, 22.667679895181266, 0.0 ], [ 88.172932716636851, 22.689265745615575, 0.0 ], [ 88.169843885805875, 22.682069238900031, 0.0 ], [ 88.149677761033757, 22.686791289749021, 0.0 ], [ 88.148110715775459, 22.674957734311629, 0.0 ], [ 88.142528139368707, 22.683541089943965, 0.0 ], [ 88.135004225457521, 22.677835181803434, 0.0 ], [ 88.110625425371339, 22.70739196781463, 0.0 ], [ 88.099238716956478, 22.70457350454851, 0.0 ], [ 88.105411578468974, 22.701038607367366, 0.0 ], [ 88.101791796456297, 22.693137279985052, 0.0 ], [ 88.065462347908564, 22.685491946094018, 0.0 ], [ 88.072510826440762, 22.697224484204515, 0.0 ], [ 88.064074006001576, 22.712921708633566, 0.0 ], [ 88.047726392917511, 22.679625092717135, 0.0 ], [ 88.026280749766599, 22.690084571392529, 0.0 ], [ 88.010849933976885, 22.685548308010375, 0.0 ], [ 87.992259356799508, 22.703794424350946, 0.0 ], [ 87.996409413209662, 22.713832899602263, 0.0 ], [ 87.986767936551942, 22.731674498191914, 0.0 ], [ 87.998264450929227, 22.744363801137283, 0.0 ], [ 87.989628960762374, 22.777788093831944, 0.0 ], [ 87.980986494508812, 22.782244928839326, 0.0 ], [ 87.950024815791735, 22.771150287944412, 0.0 ], [ 87.938925736174866, 22.697404678719639, 0.0 ], [ 87.921366237759429, 22.688103606422022, 0.0 ], [ 87.939055344660972, 22.630719469061223, 0.0 ], [ 87.902066367122757, 22.629783578140366, 0.0 ], [ 87.891420544008156, 22.608790095397442, 0.0 ], [ 87.878038037787931, 22.603152927404821, 0.0 ], [ 87.864690986435022, 22.607552346851094, 0.0 ], [ 87.852227587163554, 22.595159884988217, 0.0 ], [ 87.825867729100253, 22.607285526433184, 0.0 ], [ 87.824551198497417, 22.616089027119624, 0.0 ], [ 87.814393297140143, 22.614975883731205, 0.0 ], [ 87.814445801552409, 22.634031568309872, 0.0 ], [ 87.80334988157459, 22.633864684952442, 0.0 ], [ 87.798271045927436, 22.652277185752858, 0.0 ], [ 87.764633871464696, 22.688060479682861, 0.0 ], [ 87.760778122453118, 22.723853916405861, 0.0 ], [ 87.740862775955392, 22.736984004196508, 0.0 ], [ 87.739597158800947, 22.778444446575833, 0.0 ], [ 87.725435465668639, 22.775157867790799, 0.0 ], [ 87.726714920576441, 22.786972960835062, 0.0 ], [ 87.718165372609391, 22.788612538840326, 0.0 ], [ 87.685928932880472, 22.776012662301966, 0.0 ], [ 87.677001626173947, 22.782661947657754, 0.0 ], [ 87.685431353619634, 22.796348701147398, 0.0 ], [ 87.683140103021429, 22.802246205342335, 0.0 ], [ 87.649927018860879, 22.801654069420803, 0.0 ], [ 87.629064461058732, 22.812771802307086, 0.0 ], [ 87.621728584082746, 22.845885014759709, 0.0 ], [ 87.610849962029263, 22.850805714458296, 0.0 ], [ 87.588754652241221, 22.841365623342817, 0.0 ], [ 87.555679475477746, 22.867428604274139, 0.0 ], [ 87.516063757622575, 22.866530064127829, 0.0 ], [ 87.532696482584186, 22.882298184208917, 0.0 ], [ 87.522765182037872, 22.889412175222276, 0.0 ], [ 87.527271747978801, 22.897483361124582, 0.0 ], [ 87.510644137289475, 22.897232777238141, 0.0 ], [ 87.504231753092611, 22.918023984432658, 0.0 ], [ 87.522339423660398, 22.91724226203138, 0.0 ], [ 87.522689836119184, 22.930801040934529, 0.0 ], [ 87.565342476092667, 22.918605648826198, 0.0 ], [ 87.580236142793979, 22.908921530255572, 0.0 ], [ 87.586361991801937, 22.894041730433809, 0.0 ], [ 87.599382407554714, 22.898017737398263, 0.0 ], [ 87.611357299067578, 22.888754550860927, 0.0 ], [ 87.631361377347901, 22.899162268873901, 0.0 ], [ 87.619669900929694, 22.902792292783655, 0.0 ], [ 87.619908320720313, 22.911826802727841, 0.0 ], [ 87.643123521630116, 22.921298536903421, 0.0 ], [ 87.652360657060925, 22.949750658445772, 0.0 ], [ 87.638142370635578, 22.981063621492943, 0.0 ], [ 87.647915813138411, 22.989248208431903, 0.0 ], [ 87.694894846580965, 22.994273640653571, 0.0 ], [ 87.699458078584854, 23.017920842055066, 0.0 ], [ 87.686440600966549, 23.01988152736682, 0.0 ], [ 87.68729180776613, 23.02520430333248, 0.0 ], [ 87.702780308110817, 23.027052888932417, 0.0 ], [ 87.7387932242994, 22.985250366959121, 0.0 ], [ 87.748087762369565, 22.961655723869221, 0.0 ], [ 87.785833313462902, 22.96991993077167, 0.0 ], [ 87.795808401909852, 22.965015006182121, 0.0 ], [ 87.79653878590986, 22.950649053609162, 0.0 ], [ 87.816099362481395, 22.944899582350345, 0.0 ], [ 87.820648560113199, 22.956108474697835, 0.0 ], [ 87.838627122748321, 22.935058273461351, 0.0 ], [ 87.874493069191558, 22.94058699720506, 0.0 ], [ 87.875270440064057, 22.956823626426129, 0.0 ], [ 87.886179413719773, 22.961189094666331, 0.0 ], [ 87.894476683212815, 22.952484646636879, 0.0 ], [ 87.890516123553695, 22.933014259485969, 0.0 ], [ 87.913601061001515, 22.944860453983061, 0.0 ], [ 87.941384670109358, 22.940944985156104, 0.0 ], [ 87.949795789591988, 22.956932312562259, 0.0 ], [ 87.961887864193258, 22.951728921130165, 0.0 ], [ 87.965591884259467, 22.962356922828913, 0.0 ], [ 87.979530106681821, 22.96639373558725, 0.0 ], [ 87.996138323817007, 22.956584806819123, 0.0 ], [ 88.010193958504061, 22.963778008921448, 0.0 ], [ 88.006804289833767, 22.981636681437749, 0.0 ], [ 88.021193402384668, 22.976612705973086, 0.0 ], [ 88.020224101454005, 22.987727887025507, 0.0 ], [ 88.033147892459723, 22.979311087050942, 0.0 ], [ 88.036326438545856, 22.987877829724447, 0.0 ], [ 88.049877214306306, 22.989984394833677, 0.0 ], [ 88.036592650862289, 23.012927664683598, 0.0 ], [ 88.047883234013014, 23.02267693971055, 0.0 ], [ 88.051591572196102, 23.047032266211897, 0.0 ], [ 88.088670710523033, 23.043343205238919, 0.0 ], [ 88.099864686042849, 23.055269402287685, 0.0 ], [ 88.116448551511283, 23.052900974207805, 0.0 ], [ 88.133506430438246, 23.076974708298813, 0.0 ], [ 88.146779531733458, 23.077438537185699, 0.0 ], [ 88.16360394719716, 23.126670409677249, 0.0 ], [ 88.153981946192857, 23.124758039355171, 0.0 ], [ 88.153720033975219, 23.133286638118648, 0.0 ], [ 88.169222429313521, 23.156909548985329, 0.0 ], [ 88.20378409742986, 23.160584990695927, 0.0 ], [ 88.221112406826052, 23.152525543029466, 0.0 ], [ 88.222453604865976, 23.157342120619379, 0.0 ], [ 88.234124868781109, 23.159451994765565, 0.0 ], [ 88.244137754094012, 23.146297637656783, 0.0 ], [ 88.254179995107847, 23.147989081582562, 0.0 ], [ 88.264100434498062, 23.130970935172833, 0.0 ], [ 88.317015601690485, 23.126218454402789, 0.0 ], [ 88.321088844902448, 23.133177393187026, 0.0 ], [ 88.342901211051114, 23.131594306365905, 0.0 ], [ 88.348943120978703, 23.115910811244518, 0.0 ], [ 88.36070166595799, 23.118047931898491, 0.0 ], [ 88.366445241520282, 23.13986429492676, 0.0 ], [ 88.361517843204467, 23.152938943637835, 0.0 ], [ 88.375276702641486, 23.163188373219285, 0.0 ], [ 88.36756567529703, 23.177531820457656, 0.0 ], [ 88.381942513744605, 23.180728481027611, 0.0 ], [ 88.381591500927385, 23.196399518069704, 0.0 ], [ 88.402616223299788, 23.189372330226075, 0.0 ], [ 88.415022673931702, 23.211542124077127, 0.0 ], [ 88.461273809117671, 23.224449932028548, 0.0 ], [ 88.472725272869326, 23.211833496876466, 0.0 ] ] ] } },
{ "type": "Feature", "properties": { "OBJECTID": 84, "OBJECTID_1": 84, "STATE_UT": "WEST BENGAL", "STATE_LGD": "19", "DISTRICT": "BANKURA", "DIST_LGD": "339", "REMARKS": null, "Shape_Leng": 501616.440703, "Shape_Area": 6621369303.2299995 }, "geometry": { "type": "Polygon", "coordinates": [ [ [ 86.91712395726185, 23.629504064177979, 0.0 ], [ 87.013361758108175, 23.632517260793161, 0.0 ], [ 87.121852748395568, 23.576401432321113, 0.0 ], [ 87.21039259862799, 23.557521285995502, 0.0 ], [ 87.274717284921365, 23.500650644724061, 0.0 ], [ 87.441697869413204, 23.408648990693798, 0.0 ], [ 87.499205159999121, 23.34856226325569, 0.0 ], [ 87.557293794965574, 23.311704146435989, 0.0 ], [ 87.5622435062552, 23.295832374596404, 0.0 ], [ 87.600360711782542, 23.257142596255171, 0.0 ], [ 87.6349611665445, 23.240205991230585, 0.0 ], [ 87.653595415142661, 23.240876141663346, 0.0 ], [ 87.658520097459672, 23.222251508165641, 0.0 ], [ 87.648035835508182, 23.217056954269431, 0.0 ], [ 87.646967268561539, 23.196316059135707, 0.0 ], [ 87.669009956130424, 23.169948977598956, 0.0 ], [ 87.660517268657912, 23.166741223307472, 0.0 ], [ 87.689990245090982, 23.145204572633197, 0.0 ], [ 87.684087018765439, 23.12228497769695, 0.0 ], [ 87.692042208550376, 23.128805683805886, 0.0 ], [ 87.725422762938706, 23.115703446442932, 0.0 ], [ 87.732828871223091, 23.117454733168515, 0.0 ], [ 87.729367510990159, 23.122915565091009, 0.0 ], [ 87.733230303174295, 23.130854638675867, 0.0 ], [ 87.733251043852576, 23.120348505034784, 0.0 ], [ 87.746958576317439, 23.110486879391914, 0.0 ], [ 87.743704727238566, 23.101590582599645, 0.0 ], [ 87.755838084696066, 23.093853093015401, 0.0 ], [ 87.752964886958949, 23.081683285749317, 0.0 ], [ 87.764281776022571, 23.075402445234346, 0.0 ], [ 87.74300941926596, 23.055024479641695, 0.0 ], [ 87.738961187923863, 23.028087005472571, 0.0 ], [ 87.722147398679709, 23.029069097110572, 0.0 ], [ 87.712149841440677, 23.010631574558278, 0.0 ], [ 87.702399948310202, 23.02734652298097, 0.0 ], [ 87.687243069369472, 23.025177235278672, 0.0 ], [ 87.699458078584854, 23.017920842055066, 0.0 ], [ 87.694685021564183, 22.994111154063415, 0.0 ], [ 87.641995324506652, 22.987027591281649, 0.0 ], [ 87.640588817495583, 22.966805241097884, 0.0 ], [ 87.64873623706562, 22.96631666893904, 0.0 ], [ 87.652360657060925, 22.949750658445772, 0.0 ], [ 87.643123521630116, 22.921298536903421, 0.0 ], [ 87.619908320720313, 22.911826802727841, 0.0 ], [ 87.619669900929694, 22.902792292783655, 0.0 ], [ 87.631361377347901, 22.899162268873901, 0.0 ], [ 87.611357299067578, 22.888754550860927, 0.0 ], [ 87.599382407554714, 22.898017737398263, 0.0 ], [ 87.586361991801937, 22.894041730433809, 0.0 ], [ 87.578798002551295, 22.910054393473764, 0.0 ], [ 87.53127400602753, 22.930607780984868, 0.0 ], [ 87.517298491809655, 22.930928363684089, 0.0 ], [ 87.512758362272606, 22.921628788699472, 0.0 ], [ 87.499520702084638, 22.926138302978202, 0.0 ], [ 87.473731531358055, 22.910129348810369, 0.0 ], [ 87.459627847306777, 22.911789824101238, 0.0 ], [ 87.39237720619505, 22.942323043612479, 0.0 ], [ 87.37237046869744, 22.942097987808697, 0.0 ], [ 87.358835943551441, 22.955194960390646, 0.0 ], [ 87.319436645123659, 22.946422117741648, 0.0 ], [ 87.310605435457148, 22.931320589069529, 0.0 ], [ 87.28678480628011, 22.922003588234947, 0.0 ], [ 87.284993047753389, 22.911794121484647, 0.0 ], [ 87.271084634206886, 22.903496008446119, 0.0 ], [ 87.247358400597847, 22.895681434969532, 0.0 ], [ 87.221436203282707, 22.907880483649873, 0.0 ], [ 87.211017374726211, 22.893975639432753, 0.0 ], [ 87.171328645693151, 22.890036596233099, 0.0 ], [ 87.128279408708806, 22.844269670079104, 0.0 ], [ 87.063817656922183, 22.850754400008441, 0.0 ], [ 87.053514408189741, 22.822833530271684, 0.0 ], [ 87.064944809285649, 22.792582955774385, 0.0 ], [ 87.078038160824093, 22.781773977275741, 0.0 ], [ 87.088586950264371, 22.739138836165857, 0.0 ], [ 87.075930970668495, 22.725838373339652, 0.0 ], [ 87.053238529541034, 22.728425773402254, 0.0 ], [ 87.037153267091597, 22.718981009407795, 0.0 ], [ 87.031217540185708, 22.70204142057807, 0.0 ], [ 87.021528872980525, 22.701705786938771, 0.0 ], [ 87.015298965000525, 22.648635277671563, 0.0 ], [ 87.006182703306237, 22.648840958443152, 0.0 ], [ 86.985092523619798, 22.671757499023261, 0.0 ], [ 86.966749110369406, 22.669971826013285, 0.0 ], [ 86.962953404926495, 22.676457635173964, 0.0 ], [ 86.957824413949666, 22.666947009085899, 0.0 ], [ 86.948523408250253, 22.669136707766054, 0.0 ], [ 86.946096069372601, 22.650684492688043, 0.0 ], [ 86.953652999782179, 22.637212328979423, 0.0 ], [ 86.917922877916297, 22.626420810760877, 0.0 ], [ 86.890499277643713, 22.655272712174231, 0.0 ], [ 86.861664768967501, 22.666149623425898, 0.0 ], [ 86.845878161162588, 22.684885119013668, 0.0 ], [ 86.804117015338207, 22.709059145647949, 0.0 ], [ 86.787573637140682, 22.711646974059725, 0.0 ], [ 86.749647821725461, 22.737307709700104, 0.0 ], [ 86.718372107737139, 22.744563257582875, 0.0 ], [ 86.695816565344813, 22.768380185689136, 0.0 ], [ 86.671848286567737, 22.770023267452512, 0.0 ], [ 86.655848589421581, 22.788931552858344, 0.0 ], [ 86.611306540443934, 22.798622862379876, 0.0 ], [ 86.617279978257784, 22.824431349932393, 0.0 ], [ 86.656107222832262, 22.836497612135471, 0.0 ], [ 86.662219751582896, 22.85228085894186, 0.0 ], [ 86.704894727762849, 22.875581198804269, 0.0 ], [ 86.70578558384419, 22.899370290851643, 0.0 ], [ 86.690732144868207, 22.931501158491329, 0.0 ], [ 86.728355386592582, 22.998623502083152, 0.0 ], [ 86.735701669245344, 23.026316149530587, 0.0 ], [ 86.725615120060255, 23.034572890237865, 0.0 ], [ 86.739150932307709, 23.04289913998397, 0.0 ], [ 86.730633651833699, 23.048417684822837, 0.0 ], [ 86.752101176933834, 23.08840748716722, 0.0 ], [ 86.750182990510169, 23.099984044883225, 0.0 ], [ 86.730353255219299, 23.104955032938701, 0.0 ], [ 86.717284958682967, 23.122033898708711, 0.0 ], [ 86.731207939228, 23.133338485257202, 0.0 ], [ 86.739086369343013, 23.162079684603519, 0.0 ], [ 86.752343191184309, 23.165580129422818, 0.0 ], [ 86.759022864846472, 23.176662568728592, 0.0 ], [ 86.758510045216809, 23.197598520440526, 0.0 ], [ 86.779762112337565, 23.200381927408138, 0.0 ], [ 86.790838665226289, 23.2112139022794, 0.0 ], [ 86.770220975203316, 23.241149767292931, 0.0 ], [ 86.779783814062512, 23.242698278808255, 0.0 ], [ 86.780338875789681, 23.272821213358164, 0.0 ], [ 86.787256427587224, 23.276256540275075, 0.0 ], [ 86.77895391569794, 23.295665089413571, 0.0 ], [ 86.791870050050804, 23.29899103096519, 0.0 ], [ 86.78508838466864, 23.309330513338594, 0.0 ], [ 86.788910363017223, 23.340132384787374, 0.0 ], [ 86.810178729645898, 23.340720648372187, 0.0 ], [ 86.815934039850944, 23.36112062785066, 0.0 ], [ 86.832013722204195, 23.358015369595485, 0.0 ], [ 86.835635476008164, 23.363750115894931, 0.0 ], [ 86.831008631406746, 23.37994315259132, 0.0 ], [ 86.851646834346198, 23.385180367627544, 0.0 ], [ 86.849893936530833, 23.419437746942499, 0.0 ], [ 86.866061475723853, 23.436017591600105, 0.0 ], [ 86.85536484049922, 23.441750188005162, 0.0 ], [ 86.825704982102422, 23.436632731754813, 0.0 ], [ 86.826535486021385, 23.466055168109985, 0.0 ], [ 86.865584779471604, 23.461990515424684, 0.0 ], [ 86.873120519771547, 23.49094351763414, 0.0 ], [ 86.88163261886622, 23.489105973204648, 0.0 ], [ 86.882435727914157, 23.497449066296031, 0.0 ], [ 86.906053597502805, 23.492502798933405, 0.0 ], [ 86.894411149794976, 23.511609147458152, 0.0 ], [ 86.895878303759318, 23.534353731354884, 0.0 ], [ 86.882555091233101, 23.537677538446399, 0.0 ], [ 86.885548193543102, 23.557261895433772, 0.0 ], [ 86.87842742093828, 23.555650460763111, 0.0 ], [ 86.879407181765899, 23.567117535282943, 0.0 ], [ 86.864385912538353, 23.567586603871447, 0.0 ], [ 86.892151936638825, 23.574994810872138, 0.0 ], [ 86.888373118595652, 23.602335564751261, 0.0 ], [ 86.902361901405499, 23.638139055524274, 0.0 ], [ 86.91712395726185, 23.629504064177979, 0.0 ] ] ] } },
{ "type": "Feature", "properties": { "OBJECTID": 85, "OBJECTID_1": 85, "STATE_UT": "WEST BENGAL", "STATE_LGD": "19", "DISTRICT": "PURBA MEDINIPUR", "DIST_LGD": "345", "REMARKS": null, "Shape_Leng": 413408.18757800001, "Shape_Area": 3817621680.6399999 }, "geometry": { "type": "MultiPolygon", "coordinates": [ [ [ [ 88.123309469671, 22.020298759209044, 0.0 ], [ 88.142611146196799, 22.013604584081115, 0.0 ], [ 88.125232558937498, 21.995984347028006, 0.0 ], [ 88.085631603303057, 22.006208095555348, 0.0 ], [ 88.123309469671, 22.020298759209044, 0.0 ] ] ], [ [ [ 87.989075783636039, 22.238198070881928, 0.0 ], [ 87.969851277833513, 22.256172835129654, 0.0 ], [ 87.968359516753424, 22.264728944990889, 0.0 ], [ 88.000136713040106, 22.24296411110269, 0.0 ], [ 87.989075783636039, 22.238198070881928, 0.0 ] ] ], [ [ [ 87.890637298679891, 22.519393298711609, 0.0 ], [ 87.879645124673146, 22.497832565925343, 0.0 ], [ 87.893151713178696, 22.480095925852012, 0.0 ], [ 87.875238357581679, 22.446638789800357, 0.0 ], [ 87.9332964811057, 22.415776065713452, 0.0 ], [ 87.953820894422464, 22.365724624082919, 0.0 ], [ 87.948944780645746, 22.30509967243994, 0.0 ], [ 87.955931894994293, 22.269732295352487, 0.0 ], [ 87.947643130472613, 22.254754183229199, 0.0 ], [ 87.971075461831063, 22.237755169482476, 0.0 ], [ 87.973403011727271, 22.22279435731247, 0.0 ], [ 87.982566416622547, 22.214741759693251, 0.0 ], [ 87.975225177162088, 22.233399196653384, 0.0 ], [ 87.991861566154427, 22.224497572757532, 0.0 ], [ 88.008150760425991, 22.2020833272495, 0.0 ], [ 88.023417094182676, 22.1996870258996, 0.0 ], [ 88.034776804318867, 22.208932336493568, 0.0 ], [ 88.073704743249195, 22.187131218344774, 0.0 ], [ 88.103371663322122, 22.192195414887298, 0.0 ], [ 88.135886141751641, 22.184778034595801, 0.0 ], [ 88.190108838753275, 22.116266961173658, 0.0 ], [ 88.185483132034875, 22.098238563188982, 0.0 ], [ 88.151931867622636, 22.062398906910868, 0.0 ], [ 88.082992006953504, 22.021715041977814, 0.0 ], [ 88.063077311243731, 22.01331419614181, 0.0 ], [ 88.055692878258043, 22.020181446066481, 0.0 ], [ 88.018133439171493, 21.943768047768838, 0.0 ], [ 88.01079646826426, 21.942846384224577, 0.0 ], [ 88.01661630676719, 21.94021332355646, 0.0 ], [ 88.011980562288457, 21.920919741486028, 0.0 ], [ 87.968083931416203, 21.854770635208727, 0.0 ], [ 87.911892155512618, 21.802049975880617, 0.0 ], [ 87.88326654918292, 21.793349834742031, 0.0 ], [ 87.883531574544392, 21.781977135082631, 0.0 ], [ 87.855523562295247, 21.752461759762301, 0.0 ], [ 87.860772911635692, 21.753324848239266, 0.0 ], [ 87.807639020579316, 21.705193744397807, 0.0 ], [ 87.78546155064015, 21.694196372218975, 0.0 ], [ 87.749067487991468, 21.700805870740894, 0.0 ], [ 87.747700960883137, 21.688901528016821, 0.0 ], [ 87.73129645408153, 21.682084779173799, 0.0 ], [ 87.739542827429915, 21.680973046416796, 0.0 ], [ 87.733137203504668, 21.675463580388978, 0.0 ], [ 87.673962566650005, 21.652528724924476, 0.0 ], [ 87.644820391634994, 21.64968054895245, 0.0 ], [ 87.643933176409476, 21.66310577233304, 0.0 ], [ 87.631952374415107, 21.647802931536965, 0.0 ], [ 87.553557733375456, 21.638046510366003, 0.0 ], [ 87.55172079787765, 21.631547664266972, 0.0 ], [ 87.484786955090215, 21.611261207910506, 0.0 ], [ 87.486014814226621, 21.632235846687816, 0.0 ], [ 87.472562880566755, 21.652469883590705, 0.0 ], [ 87.460370400480372, 21.651397278793727, 0.0 ], [ 87.473631221397696, 21.697106739985642, 0.0 ], [ 87.473589832508523, 21.714568786287739, 0.0 ], [ 87.463462584472708, 21.725380373243311, 0.0 ], [ 87.4691843927843, 21.732516541051648, 0.0 ], [ 87.444778158282773, 21.734032052359616, 0.0 ], [ 87.4541719715005, 21.739807975427635, 0.0 ], [ 87.445425539425955, 21.743785570918078, 0.0 ], [ 87.43881877866211, 21.789787766056374, 0.0 ], [ 87.425988885795178, 21.796226785071333, 0.0 ], [ 87.444790423768254, 21.821512007055443, 0.0 ], [ 87.441045966071613, 21.840081657877061, 0.0 ], [ 87.45650687248451, 21.845312961712796, 0.0 ], [ 87.449744920067047, 21.892666404927986, 0.0 ], [ 87.477115733491914, 21.899289857780268, 0.0 ], [ 87.481465791332198, 21.939046549648662, 0.0 ], [ 87.4952490507319, 21.937799958253809, 0.0 ], [ 87.49963681682496, 21.950298844371748, 0.0 ], [ 87.512896116182546, 21.948466203921054, 0.0 ], [ 87.506300362436917, 21.958052424073365, 0.0 ], [ 87.485971096263171, 21.957119234816719, 0.0 ], [ 87.478722228107003, 22.001151867336034, 0.0 ], [ 87.459991233175231, 22.006436545809937, 0.0 ], [ 87.465146232438443, 22.026568387311855, 0.0 ], [ 87.477992956400499, 22.03775482122095, 0.0 ], [ 87.485572879982257, 22.031500577160941, 0.0 ], [ 87.490553091048042, 22.045508667704706, 0.0 ], [ 87.478541665023869, 22.046500944581645, 0.0 ], [ 87.487127455288217, 22.062620139629484, 0.0 ], [ 87.474603467487327, 22.074169673066624, 0.0 ], [ 87.491930019597262, 22.08896453421233, 0.0 ], [ 87.553742748317319, 22.082691552556486, 0.0 ], [ 87.564115352606706, 22.094535377901554, 0.0 ], [ 87.594168702450673, 22.103001537039702, 0.0 ], [ 87.673389692848602, 22.104718509621719, 0.0 ], [ 87.702019278162723, 22.1258084597142, 0.0 ], [ 87.7095292605309, 22.180522600136932, 0.0 ], [ 87.729249015515933, 22.189880867014342, 0.0 ], [ 87.729525633697961, 22.203639135441229, 0.0 ], [ 87.713093773468373, 22.206068862890739, 0.0 ], [ 87.713599097646792, 22.215541872324348, 0.0 ], [ 87.699144820359095, 22.219165842068062, 0.0 ], [ 87.705900548130998, 22.280052577704939, 0.0 ], [ 87.723844837460476, 22.319339812628883, 0.0 ], [ 87.699133619315063, 22.329331593676418, 0.0 ], [ 87.664289694920456, 22.323306448993034, 0.0 ], [ 87.665349902775844, 22.33121252092057, 0.0 ], [ 87.656575095133462, 22.331963870448284, 0.0 ], [ 87.647464088884718, 22.325115601170992, 0.0 ], [ 87.644077549254035, 22.333184887280186, 0.0 ], [ 87.644309520572165, 22.363541326409848, 0.0 ], [ 87.658222885403788, 22.407635556953771, 0.0 ], [ 87.646052483099609, 22.435076703736474, 0.0 ], [ 87.659279655570828, 22.461904296937053, 0.0 ], [ 87.671157093218085, 22.461011946077686, 0.0 ], [ 87.673807480947886, 22.483650568451161, 0.0 ], [ 87.688988862732558, 22.489885505429054, 0.0 ], [ 87.691358505746308, 22.507375412580654, 0.0 ], [ 87.709542064906969, 22.489632377233324, 0.0 ], [ 87.738975633890817, 22.487289262039763, 0.0 ], [ 87.745762373001014, 22.474704889192292, 0.0 ], [ 87.757136431679257, 22.473031373468746, 0.0 ], [ 87.784558608314697, 22.485141143300456, 0.0 ], [ 87.793288737705097, 22.478887764722028, 0.0 ], [ 87.816353302980957, 22.499148852324755, 0.0 ], [ 87.846555646414259, 22.511920740266149, 0.0 ], [ 87.884553514712152, 22.509241237928851, 0.0 ], [ 87.890637298679891, 22.519393298711609, 0.0 ] ] ] ] } },
{ "type": "Feature", "properties": { "OBJECTID": 86, "OBJECTID_1": 86, "STATE_UT": "WEST BENGAL", "STATE_LGD": "19", "DISTRICT": "PURBA BARDDHAMAN", "DIST_LGD": "335", "REMARKS": null, "Shape_Leng": 576150.55310300004, "Shape_Area": 5195472389.0200005 }, "geometry": { "type": "Polygon", "coordinates": [ [ [ 88.01265294601167, 23.839495346001691, 0.0 ], [ 88.029723137193145, 23.817805968618352, 0.0 ], [ 88.030660848711904, 23.796688521641929, 0.0 ], [ 88.059682504253715, 23.781287438139117, 0.0 ], [ 88.05832885242026, 23.772278769418978, 0.0 ], [ 88.040629937910069, 23.773469289683483, 0.0 ], [ 88.036025816509635, 23.762120486022262, 0.0 ], [ 88.039922960717192, 23.745670308730435, 0.0 ], [ 88.060291485350248, 23.722334749827734, 0.0 ], [ 88.084157734465407, 23.725041412534242, 0.0 ], [ 88.094145642966325, 23.752661212286682, 0.0 ], [ 88.123176353579538, 23.751789113584024, 0.0 ], [ 88.132415319626588, 23.733806205315936, 0.0 ], [ 88.144688676105417, 23.733164639624437, 0.0 ], [ 88.155534893631, 23.736607360933156, 0.0 ], [ 88.16257577619028, 23.755710817697796, 0.0 ], [ 88.187321977675865, 23.770365485249101, 0.0 ], [ 88.194480257988872, 23.766033999058418, 0.0 ], [ 88.193629740365637, 23.734958089820807, 0.0 ], [ 88.226439755503435, 23.723844624266679, 0.0 ], [ 88.232919975107663, 23.711787480999348, 0.0 ], [ 88.163218790509106, 23.712539366096539, 0.0 ], [ 88.134335462733119, 23.662509176832337, 0.0 ], [ 88.153356684049626, 23.631444722252091, 0.0 ], [ 88.166993650998222, 23.622834927143202, 0.0 ], [ 88.196968995464303, 23.622316044005832, 0.0 ], [ 88.217190610824218, 23.607421562647342, 0.0 ], [ 88.25757714164348, 23.620238581877246, 0.0 ], [ 88.27225912580208, 23.598488848923221, 0.0 ], [ 88.280904426592414, 23.606850846668546, 0.0 ], [ 88.284593874916936, 23.578185368198142, 0.0 ], [ 88.31463779408098, 23.591283558605646, 0.0 ], [ 88.321335401230399, 23.576622662444606, 0.0 ], [ 88.274121147001367, 23.560030073245315, 0.0 ], [ 88.275024679441003, 23.537741949963181, 0.0 ], [ 88.319304129620406, 23.550676426280507, 0.0 ], [ 88.346742907241932, 23.549004656302621, 0.0 ], [ 88.358731473972682, 23.544825920139751, 0.0 ], [ 88.385544305387825, 23.508005230175105, 0.0 ], [ 88.389102572871309, 23.500740929327193, 0.0 ], [ 88.362435336389183, 23.481094431557249, 0.0 ], [ 88.364775692110186, 23.472941055651589, 0.0 ], [ 88.356701206903793, 23.465947078465366, 0.0 ], [ 88.367527160963093, 23.459144453123539, 0.0 ], [ 88.339026590135219, 23.457505826202691, 0.0 ], [ 88.34279525613357, 23.436084502832163, 0.0 ], [ 88.351671887502846, 23.431151623386924, 0.0 ], [ 88.328260306012865, 23.41769228739464, 0.0 ], [ 88.356710028456803, 23.406917433835925, 0.0 ], [ 88.35290223348035, 23.390659334238872, 0.0 ], [ 88.33035126968737, 23.369678913435163, 0.0 ], [ 88.330195222706038, 23.354337779766528, 0.0 ], [ 88.343174756225082, 23.347063278832405, 0.0 ], [ 88.330947756719667, 23.341579365803053, 0.0 ], [ 88.329284415016843, 23.330219733787651, 0.0 ], [ 88.336408157644158, 23.328646091246924, 0.0 ], [ 88.326028888617515, 23.315983668595759, 0.0 ], [ 88.348760528774065, 23.291135484042659, 0.0 ], [ 88.334351165426384, 23.293687646832364, 0.0 ], [ 88.331061252711677, 23.280833171322399, 0.0 ], [ 88.349608179351677, 23.280476215941963, 0.0 ], [ 88.362952789254862, 23.254847506884044, 0.0 ], [ 88.352274385176074, 23.238633870158132, 0.0 ], [ 88.393955463908711, 23.21383937845102, 0.0 ], [ 88.415022673931702, 23.211542124077127, 0.0 ], [ 88.403031346445118, 23.189579963745722, 0.0 ], [ 88.381591500927385, 23.196399518069704, 0.0 ], [ 88.381942513744605, 23.180728481027611, 0.0 ], [ 88.36756567529703, 23.177531820457656, 0.0 ], [ 88.375276702641486, 23.163188373219285, 0.0 ], [ 88.361517843204467, 23.152938943637835, 0.0 ], [ 88.366445241520282, 23.13986429492676, 0.0 ], [ 88.360257464866876, 23.117804118424875, 0.0 ], [ 88.345105995741577, 23.118248796446959, 0.0 ], [ 88.342901211051114, 23.131594306365905, 0.0 ], [ 88.321088844902448, 23.133177393187026, 0.0 ], [ 88.317015601690485, 23.126218454402789, 0.0 ], [ 88.264100434498062, 23.130970935172833, 0.0 ], [ 88.254179995107847, 23.147989081582562, 0.0 ], [ 88.244137754094012, 23.146297637656783, 0.0 ], [ 88.234124868781109, 23.159451994765565, 0.0 ], [ 88.221112406826052, 23.152525543029466, 0.0 ], [ 88.20378409742986, 23.160584990695927, 0.0 ], [ 88.169598471318864, 23.157053888170338, 0.0 ], [ 88.153720033975219, 23.133286638118648, 0.0 ], [ 88.153981946192857, 23.124758039355171, 0.0 ], [ 88.16360394719716, 23.126670409677249, 0.0 ], [ 88.146779531733458, 23.077438537185699, 0.0 ], [ 88.133506430438246, 23.076974708298813, 0.0 ], [ 88.116448551511283, 23.052900974207805, 0.0 ], [ 88.099864686042849, 23.055269402287685, 0.0 ], [ 88.088670710523033, 23.043343205238919, 0.0 ], [ 88.05121119159125, 23.04668894729879, 0.0 ], [ 88.047883234013014, 23.02267693971055, 0.0 ], [ 88.036626540311758, 23.013365694932208, 0.0 ], [ 88.049005394151976, 22.996598360396501, 0.0 ], [ 88.042531334470382, 22.984811083090054, 0.0 ], [ 88.036326438545856, 22.987877829724447, 0.0 ], [ 88.032060479481515, 22.979337592047145, 0.0 ], [ 88.020224101454005, 22.987727887025507, 0.0 ], [ 88.021193402384668, 22.976612705973086, 0.0 ], [ 88.006804289833767, 22.981636681437749, 0.0 ], [ 88.008888587816571, 22.962323233387171, 0.0 ], [ 87.994665218388775, 22.956544372297504, 0.0 ], [ 87.981283220205938, 22.966021593329561, 0.0 ], [ 87.969113079213656, 22.964443479900602, 0.0 ], [ 87.961887864193258, 22.951728921130165, 0.0 ], [ 87.947459627656585, 22.95551461264435, 0.0 ], [ 87.941384670109358, 22.940944985156104, 0.0 ], [ 87.913601061001515, 22.944860453983061, 0.0 ], [ 87.890516123553695, 22.933014259485969, 0.0 ], [ 87.894476683212815, 22.952484646636879, 0.0 ], [ 87.886179413719773, 22.961189094666331, 0.0 ], [ 87.875270440064057, 22.956823626426129, 0.0 ], [ 87.874493069191558, 22.94058699720506, 0.0 ], [ 87.838627122748321, 22.935058273461351, 0.0 ], [ 87.820648560113199, 22.956108474697835, 0.0 ], [ 87.816099362481395, 22.944899582350345, 0.0 ], [ 87.79653878590986, 22.950649053609162, 0.0 ], [ 87.795808401909852, 22.965015006182121, 0.0 ], [ 87.785833313462902, 22.96991993077167, 0.0 ], [ 87.765424981875029, 22.961126859133518, 0.0 ], [ 87.742142103551231, 22.966574101438955, 0.0 ], [ 87.7387932242994, 22.985250366959121, 0.0 ], [ 87.712149841440677, 23.010631574558278, 0.0 ], [ 87.722147398679709, 23.029069097110572, 0.0 ], [ 87.741676112668245, 23.031240872122726, 0.0 ], [ 87.74300941926596, 23.055024479641695, 0.0 ], [ 87.764203998045957, 23.075131476055336, 0.0 ], [ 87.752964886958949, 23.081683285749317, 0.0 ], [ 87.755838084696066, 23.093853093015401, 0.0 ], [ 87.742521188830779, 23.104295877845043, 0.0 ], [ 87.746510398497861, 23.111448915143722, 0.0 ], [ 87.733251043852576, 23.120348505034784, 0.0 ], [ 87.733230303174295, 23.130854638675867, 0.0 ], [ 87.732828871223091, 23.117454733168515, 0.0 ], [ 87.725422762938706, 23.115703446442932, 0.0 ], [ 87.692042208550376, 23.128805683805886, 0.0 ], [ 87.684150379808827, 23.122203677840609, 0.0 ], [ 87.689990245090982, 23.145204572633197, 0.0 ], [ 87.660517268657912, 23.166741223307472, 0.0 ], [ 87.669009956130424, 23.169948977598956, 0.0 ], [ 87.646967268561539, 23.196316059135707, 0.0 ], [ 87.648035835508182, 23.217056954269431, 0.0 ], [ 87.658520097459672, 23.222251508165641, 0.0 ], [ 87.653595415142661, 23.240876141663346, 0.0 ], [ 87.6349611665445, 23.240205991230585, 0.0 ], [ 87.600281437353303, 23.257204997785898, 0.0 ], [ 87.5622435062552, 23.295832374596404, 0.0 ], [ 87.557293794965574, 23.311704146435989, 0.0 ], [ 87.499205159999121, 23.34856226325569, 0.0 ], [ 87.440618940479567, 23.410224917352483, 0.0 ], [ 87.442249110545433, 23.420698342485991, 0.0 ], [ 87.434165706329409, 23.42121782235774, 0.0 ], [ 87.444300733326799, 23.431247313570733, 0.0 ], [ 87.445379455855758, 23.418670622198704, 0.0 ], [ 87.45391013487172, 23.425944543219138, 0.0 ], [ 87.463195988435317, 23.42211448751836, 0.0 ], [ 87.458678952655944, 23.427872653431884, 0.0 ], [ 87.472677294782272, 23.452761245255452, 0.0 ], [ 87.464134955092732, 23.466751465708111, 0.0 ], [ 87.466608232650003, 23.478143350907775, 0.0 ], [ 87.45001483773423, 23.481014849924211, 0.0 ], [ 87.472611374202756, 23.523555034991112, 0.0 ], [ 87.466021929085812, 23.531401678899684, 0.0 ], [ 87.482872537651147, 23.525154203680536, 0.0 ], [ 87.471853864642554, 23.532264787660552, 0.0 ], [ 87.475025933570663, 23.542624581903709, 0.0 ], [ 87.491897889607898, 23.537796618821059, 0.0 ], [ 87.487047729632835, 23.552364382467545, 0.0 ], [ 87.519450289127619, 23.588778986532933, 0.0 ], [ 87.528511784308748, 23.589796284270623, 0.0 ], [ 87.534788187048918, 23.609754880194952, 0.0 ], [ 87.557937337049097, 23.608741769392289, 0.0 ], [ 87.584588797072882, 23.594864363423998, 0.0 ], [ 87.635928658026998, 23.610499284133489, 0.0 ], [ 87.654720873581951, 23.603449730679046, 0.0 ], [ 87.665841844724497, 23.620304811864383, 0.0 ], [ 87.677939167886663, 23.620310243485143, 0.0 ], [ 87.689069701937953, 23.606681166572731, 0.0 ], [ 87.71236436263213, 23.620358272448502, 0.0 ], [ 87.736643203676579, 23.586203578929943, 0.0 ], [ 87.744973212940167, 23.594621652651167, 0.0 ], [ 87.767581182691217, 23.578183938117832, 0.0 ], [ 87.780963205378939, 23.584386785169077, 0.0 ], [ 87.782411578169459, 23.572902456855051, 0.0 ], [ 87.795944944473476, 23.572183241692098, 0.0 ], [ 87.803499718728219, 23.559238999303435, 0.0 ], [ 87.814451200036928, 23.567907372787921, 0.0 ], [ 87.8377004143222, 23.568957728968371, 0.0 ], [ 87.847828543518602, 23.548833793693134, 0.0 ], [ 87.863846935868523, 23.546813326064221, 0.0 ], [ 87.87428700040013, 23.558217804715948, 0.0 ], [ 87.882014789441712, 23.550723423433574, 0.0 ], [ 87.888073557334081, 23.562641706745652, 0.0 ], [ 87.897130691132048, 23.541832876724502, 0.0 ], [ 87.905744275240664, 23.542269433864661, 0.0 ], [ 87.911125116554842, 23.558326861853267, 0.0 ], [ 87.93269915709908, 23.57228422854168, 0.0 ], [ 87.934308622037975, 23.590256282286116, 0.0 ], [ 87.946851145056584, 23.594404563997781, 0.0 ], [ 87.95308723149968, 23.628103053300105, 0.0 ], [ 87.961139318315816, 23.63040129897793, 0.0 ], [ 87.93418636748747, 23.646697719016608, 0.0 ], [ 87.936261878793061, 23.663026109876888, 0.0 ], [ 87.911657652614906, 23.663891474426027, 0.0 ], [ 87.909851091416542, 23.671715587933122, 0.0 ], [ 87.922618201415958, 23.68132829821382, 0.0 ], [ 87.913825072413204, 23.684689527596753, 0.0 ], [ 87.918436449771377, 23.695577431918672, 0.0 ], [ 87.910324097152014, 23.719289710434484, 0.0 ], [ 87.919830353355806, 23.715012089168695, 0.0 ], [ 87.917226224952131, 23.729382553435229, 0.0 ], [ 87.934874393830057, 23.728320494460093, 0.0 ], [ 87.936772198166423, 23.739091416963124, 0.0 ], [ 87.95443345480993, 23.750004182459104, 0.0 ], [ 87.947314687949657, 23.763905192468904, 0.0 ], [ 87.938221023146909, 23.764437297866188, 0.0 ], [ 87.938568984528317, 23.774215560258771, 0.0 ], [ 87.94969098620922, 23.776607887113233, 0.0 ], [ 87.958238629885557, 23.803789827395033, 0.0 ], [ 87.966521747931566, 23.80495453860259, 0.0 ], [ 87.966230412684553, 23.823748395782953, 0.0 ], [ 87.974770331431642, 23.831891812728308, 0.0 ], [ 87.96652773436162, 23.835084101788045, 0.0 ], [ 87.968138934014064, 23.844116519681041, 0.0 ], [ 88.01265294601167, 23.839495346001691, 0.0 ] ] ] } },
{ "type": "Feature", "properties": { "OBJECTID": 87, "OBJECTID_1": 87, "STATE_UT": "WEST BENGAL", "STATE_LGD": "19", "DISTRICT": "KALIMPONG", "DIST_LGD": "716", "REMARKS": null, "Shape_Leng": 175961.799004, "Shape_Area": 1054104649.61 }, "geometry": { "type": "Polygon", "coordinates": [ [ [ 88.594609481286398, 27.187812122869765, 0.0 ], [ 88.622276835751848, 27.182454888402596, 0.0 ], [ 88.635505451585558, 27.166683779306538, 0.0 ], [ 88.660259488623552, 27.160552035122304, 0.0 ], [ 88.678010172470536, 27.178384194368576, 0.0 ], [ 88.691532248445284, 27.178392134828059, 0.0 ], [ 88.710121524700199, 27.166843967082201, 0.0 ], [ 88.717805885143065, 27.143310391306443, 0.0 ], [ 88.72896199450193, 27.136268794861188, 0.0 ], [ 88.746235681213108, 27.144169855784526, 0.0 ], [ 88.773740478454286, 27.135266547231531, 0.0 ], [ 88.80203326536099, 27.139495204492206, 0.0 ], [ 88.842479076304201, 27.111152680363709, 0.0 ], [ 88.867707709249117, 27.112442620058886, 0.0 ], [ 88.881171879797293, 27.061996613916708, 0.0 ], [ 88.870280124597798, 26.995745682151362, 0.0 ], [ 88.87280849629181, 26.96450357153714, 0.0 ], [ 88.852884182858915, 26.965609932489016, 0.0 ], [ 88.821699947642287, 26.988709987572754, 0.0 ], [ 88.793495536593753, 26.991250380910511, 0.0 ], [ 88.784501183145437, 26.976371477425452, 0.0 ], [ 88.756476244164659, 26.963665742617874, 0.0 ], [ 88.759602140466527, 26.925988572346778, 0.0 ], [ 88.685994992445018, 26.926797699709567, 0.0 ], [ 88.66362777776996, 26.927500324266717, 0.0 ], [ 88.673020256780219, 26.94797107076317, 0.0 ], [ 88.660357858071762, 26.968773024011483, 0.0 ], [ 88.637308469408282, 26.9301627287666, 0.0 ], [ 88.636158603548353, 26.906665884012146, 0.0 ], [ 88.621123763651624, 26.90557857881058, 0.0 ], [ 88.608050945759132, 26.881701389859408, 0.0 ], [ 88.573247671802079, 26.89199040789142, 0.0 ], [ 88.509826704161469, 26.865499497723896, 0.0 ], [ 88.475650834400156, 26.879828515796671, 0.0 ], [ 88.47385282687992, 26.913150683771036, 0.0 ], [ 88.442013996516451, 26.938168778366474, 0.0 ], [ 88.439846082891421, 26.959780361359613, 0.0 ], [ 88.422975148496178, 26.957232878212164, 0.0 ], [ 88.418714440918791, 26.982770655821966, 0.0 ], [ 88.391481204480755, 26.987902439723243, 0.0 ], [ 88.41468409522507, 27.009597355682619, 0.0 ], [ 88.423293640492929, 27.008597438750733, 0.0 ], [ 88.414976326997419, 27.024389311904798, 0.0 ], [ 88.417080601445107, 27.060962423972239, 0.0 ], [ 88.432946590001251, 27.079259570144373, 0.0 ], [ 88.459577031991515, 27.090577129748951, 0.0 ], [ 88.475409887163977, 27.121707269630836, 0.0 ], [ 88.497744437196658, 27.123815859991112, 0.0 ], [ 88.51927107568423, 27.147515171359849, 0.0 ], [ 88.532353546710439, 27.150060482462976, 0.0 ], [ 88.531362219274101, 27.165140321153665, 0.0 ], [ 88.521062616537264, 27.173453870899646, 0.0 ], [ 88.530962694344467, 27.172174960768306, 0.0 ], [ 88.542982482250963, 27.183183856207346, 0.0 ], [ 88.594609481286398, 27.187812122869765, 0.0 ] ] ] } },
{ "type": "Feature", "properties": { "OBJECTID": 88, "OBJECTID_1": 88, "STATE_UT": "WEST BENGAL", "STATE_LGD": "19", "DISTRICT": "HAORA", "DIST_LGD": "341", "REMARKS": null, "Shape_Leng": 256027.658421, "Shape_Area": 1412767027.8099999 }, "geometry": { "type": "Polygon", "coordinates": [ [ [ 87.950024815791735, 22.771150287944412, 0.0 ], [ 87.989820676387055, 22.777357849322399, 0.0 ], [ 87.998264450929227, 22.744363801137283, 0.0 ], [ 87.986767936551942, 22.731674498191914, 0.0 ], [ 87.996409413209662, 22.713832899602263, 0.0 ], [ 87.992259356799508, 22.703794424350946, 0.0 ], [ 88.009978429171127, 22.685908888452147, 0.0 ], [ 88.026280749766599, 22.690084571392529, 0.0 ], [ 88.047726392917511, 22.679625092717135, 0.0 ], [ 88.064074006001576, 22.712921708633566, 0.0 ], [ 88.072510826440762, 22.697224484204515, 0.0 ], [ 88.065462347908564, 22.685491946094018, 0.0 ], [ 88.101791796456297, 22.693137279985052, 0.0 ], [ 88.105411578468974, 22.701038607367366, 0.0 ], [ 88.099238716956478, 22.70457350454851, 0.0 ], [ 88.110625425371339, 22.70739196781463, 0.0 ], [ 88.135004225457521, 22.677835181803434, 0.0 ], [ 88.142528139368707, 22.683541089943965, 0.0 ], [ 88.148110715775459, 22.674957734311629, 0.0 ], [ 88.149677761033757, 22.686791289749021, 0.0 ], [ 88.169843885805875, 22.682069238900031, 0.0 ], [ 88.172932716636851, 22.689265745615575, 0.0 ], [ 88.171606284951196, 22.667679895181266, 0.0 ], [ 88.17994278516322, 22.652338188931534, 0.0 ], [ 88.182173906417205, 22.671065475612938, 0.0 ], [ 88.196919430899953, 22.663214891004952, 0.0 ], [ 88.243067025903557, 22.678300042485176, 0.0 ], [ 88.241056559293554, 22.6718596096376, 0.0 ], [ 88.281332852529616, 22.658000770633247, 0.0 ], [ 88.28212654111752, 22.665203314146474, 0.0 ], [ 88.307723214858072, 22.661461925094603, 0.0 ], [ 88.319157393424788, 22.670594322844408, 0.0 ], [ 88.352568097027941, 22.655565762108559, 0.0 ], [ 88.365832152913029, 22.618447717420917, 0.0 ], [ 88.365474199282289, 22.608974410571978, 0.0 ], [ 88.356864172931466, 22.609473478408141, 0.0 ], [ 88.319754857696779, 22.550988864561148, 0.0 ], [ 88.240285983435726, 22.560778404242413, 0.0 ], [ 88.233726150584644, 22.551453184021039, 0.0 ], [ 88.24203475773507, 22.532335262048861, 0.0 ], [ 88.237594136215804, 22.521738241858444, 0.0 ], [ 88.203629241685874, 22.513902585567727, 0.0 ], [ 88.168570559182186, 22.481831516024577, 0.0 ], [ 88.121179688979154, 22.469176188800937, 0.0 ], [ 88.119344074325454, 22.45497118087485, 0.0 ], [ 88.141990733566757, 22.410454547916441, 0.0 ], [ 88.089814229153561, 22.361586565213873, 0.0 ], [ 88.0970939602459, 22.34807833200971, 0.0 ], [ 88.097693461079615, 22.312438937560326, 0.0 ], [ 88.08352689120747, 22.269363909264978, 0.0 ], [ 88.083157176002899, 22.256860835806197, 0.0 ], [ 88.087851672429764, 22.255969590964117, 0.0 ], [ 88.088727279613906, 22.249999904359317, 0.0 ], [ 88.083121006477853, 22.256351976161657, 0.0 ], [ 88.082988868367025, 22.236396846533921, 0.0 ], [ 88.06057129430414, 22.205770531892707, 0.0 ], [ 88.022176859068182, 22.217765849220832, 0.0 ], [ 87.994701468225998, 22.250066688283763, 0.0 ], [ 87.955931894994293, 22.269732295352487, 0.0 ], [ 87.948944780645746, 22.30509967243994, 0.0 ], [ 87.955781792201478, 22.356462810142997, 0.0 ], [ 87.938978430841217, 22.405072716924927, 0.0 ], [ 87.923639460424695, 22.422773256050572, 0.0 ], [ 87.877924465412718, 22.441464281678151, 0.0 ], [ 87.875126510282286, 22.454490793907055, 0.0 ], [ 87.893151713178696, 22.480095925852012, 0.0 ], [ 87.879645124673146, 22.497832565925343, 0.0 ], [ 87.890287841285428, 22.52072654679441, 0.0 ], [ 87.864698871532411, 22.531922892932258, 0.0 ], [ 87.843348855246958, 22.558176291390392, 0.0 ], [ 87.859635374423249, 22.605494013110395, 0.0 ], [ 87.891420544008156, 22.608790095397442, 0.0 ], [ 87.902365714802329, 22.629892820635032, 0.0 ], [ 87.939055344660972, 22.630719469061223, 0.0 ], [ 87.921366237759429, 22.688103606422022, 0.0 ], [ 87.938925736174866, 22.697404678719639, 0.0 ], [ 87.950024815791735, 22.771150287944412, 0.0 ] ] ] } },
{ "type": "Feature", "properties": { "OBJECTID": 89, "OBJECTID_1": 89, "STATE_UT": "WEST BENGAL", "STATE_LGD": "19", "DISTRICT": "BIRBHUM", "DIST_LGD": "334", "REMARKS": null, "Shape_Leng": 666286.30341399997, "Shape_Area": 4374128453.9700003 }, "geometry": { "type": "Polygon", "coordinates": [ [ [ 87.77142632456092, 24.583217001234683, 0.0 ], [ 87.812179937725091, 24.578559486946109, 0.0 ], [ 87.827520194928852, 24.557993699272973, 0.0 ], [ 87.84940778588178, 24.553835090595953, 0.0 ], [ 87.852354444869178, 24.561770223755332, 0.0 ], [ 87.869377710697975, 24.556019610603997, 0.0 ], [ 87.869223896449213, 24.564500548997973, 0.0 ], [ 87.889771570424116, 24.565584605975452, 0.0 ], [ 87.891339056042185, 24.542304327185338, 0.0 ], [ 87.923528763754206, 24.544264472373168, 0.0 ], [ 87.939401970021592, 24.520067574283502, 0.0 ], [ 87.950365673818141, 24.517709597869153, 0.0 ], [ 87.943108361656385, 24.489823966468943, 0.0 ], [ 87.964075426451345, 24.486454825354912, 0.0 ], [ 87.974098804959382, 24.473926580023047, 0.0 ], [ 87.979123793666787, 24.424092213961778, 0.0 ], [ 87.970512771492636, 24.400389628659017, 0.0 ], [ 87.972973016499196, 24.375054809187521, 0.0 ], [ 87.959483016648122, 24.373387987290798, 0.0 ], [ 87.955406167035548, 24.363499670742055, 0.0 ], [ 87.957073079698361, 24.342300367653937, 0.0 ], [ 87.963478036486464, 24.334731098781855, 0.0 ], [ 87.97697586606958, 24.338952497551446, 0.0 ], [ 87.993005102989073, 24.330319024554953, 0.0 ], [ 87.99402392983599, 24.313182438714907, 0.0 ], [ 88.017169554063713, 24.311051006146219, 0.0 ], [ 88.019186430525508, 24.290887557581939, 0.0 ], [ 88.012823919612543, 24.284563061896275, 0.0 ], [ 88.025036075394198, 24.261535754564367, 0.0 ], [ 88.022553731856547, 24.244221920008652, 0.0 ], [ 87.997219606035358, 24.243032148253178, 0.0 ], [ 87.995704360784302, 24.232270592226232, 0.0 ], [ 88.006030034565939, 24.219196481524797, 0.0 ], [ 87.991819034235192, 24.206497465229809, 0.0 ], [ 87.990810028714677, 24.212886427737889, 0.0 ], [ 87.986500357086413, 24.212642474024214, 0.0 ], [ 87.983209625608765, 24.191352414554153, 0.0 ], [ 87.95690209707773, 24.190071756535573, 0.0 ], [ 87.930816932628375, 24.200244716403663, 0.0 ], [ 87.920135660583398, 24.188471572389773, 0.0 ], [ 87.935303916189213, 24.181260446898349, 0.0 ], [ 87.931855305846057, 24.174414180067462, 0.0 ], [ 87.899362736888122, 24.161842025875256, 0.0 ], [ 87.89686367393648, 24.146355484665666, 0.0 ], [ 87.909300791458477, 24.143354832019895, 0.0 ], [ 87.910241635759775, 24.1348010413362, 0.0 ], [ 87.890879442258608, 24.115467644720255, 0.0 ], [ 87.894024069245617, 24.106121805220763, 0.0 ], [ 87.909359797483916, 24.105663557412271, 0.0 ], [ 87.910329184810053, 24.091583241228882, 0.0 ], [ 87.895373315077933, 24.081606467580265, 0.0 ], [ 87.896473772822887, 24.043552238362249, 0.0 ], [ 87.874754435974651, 24.040037705156546, 0.0 ], [ 87.86943388379656, 24.027319432236219, 0.0 ], [ 87.860422145428657, 24.026137594517156, 0.0 ], [ 87.869270310387606, 24.011240651956964, 0.0 ], [ 87.857621435618071, 23.998698071407475, 0.0 ], [ 87.858479618825342, 23.975679347103714, 0.0 ], [ 87.847863569486876, 23.971348450518178, 0.0 ], [ 87.860564122067544, 23.964953439537577, 0.0 ], [ 87.867341893737304, 23.941844636567829, 0.0 ], [ 87.860460328040332, 23.929632815486208, 0.0 ], [ 87.866094435367728, 23.91924110444192, 0.0 ], [ 87.843235430514056, 23.914461627737317, 0.0 ], [ 87.847287609544111, 23.889235837913382, 0.0 ], [ 87.863672481963604, 23.878362746778524, 0.0 ], [ 87.857865534808525, 23.872461815344433, 0.0 ], [ 87.86986366656906, 23.869781243870428, 0.0 ], [ 87.875145841355675, 23.85494233186752, 0.0 ], [ 87.88632794173472, 23.862427013204119, 0.0 ], [ 87.890551973051998, 23.839998910589351, 0.0 ], [ 87.925629065169616, 23.840953226862254, 0.0 ], [ 87.93477917322096, 23.833708875970391, 0.0 ], [ 87.929088107196094, 23.826171755900493, 0.0 ], [ 87.965803220224814, 23.808977307521054, 0.0 ], [ 87.94969098620922, 23.776607887113233, 0.0 ], [ 87.938568984528317, 23.774215560258771, 0.0 ], [ 87.938221023146909, 23.764437297866188, 0.0 ], [ 87.947314687949657, 23.763905192468904, 0.0 ], [ 87.954310761779894, 23.749755934903806, 0.0 ], [ 87.936772198166423, 23.739091416963124, 0.0 ], [ 87.934874393830057, 23.728320494460093, 0.0 ], [ 87.917226224952131, 23.729382553435229, 0.0 ], [ 87.919830353355806, 23.715012089168695, 0.0 ], [ 87.909641656428818, 23.715800116475325, 0.0 ], [ 87.918436449771377, 23.695577431918672, 0.0 ], [ 87.913825072413204, 23.684689527596753, 0.0 ], [ 87.922618201415958, 23.68132829821382, 0.0 ], [ 87.909851091416542, 23.671715587933122, 0.0 ], [ 87.911657652614906, 23.663891474426027, 0.0 ], [ 87.936261878793061, 23.663026109876888, 0.0 ], [ 87.93418636748747, 23.646697719016608, 0.0 ], [ 87.961139318315816, 23.63040129897793, 0.0 ], [ 87.95308723149968, 23.628103053300105, 0.0 ], [ 87.946851145056584, 23.594404563997781, 0.0 ], [ 87.933288984366044, 23.588685614762998, 0.0 ], [ 87.93269915709908, 23.57228422854168, 0.0 ], [ 87.922981179522424, 23.570820172365107, 0.0 ], [ 87.900078345902855, 23.540301987687684, 0.0 ], [ 87.888073557334081, 23.562641706745652, 0.0 ], [ 87.882014789441712, 23.550723423433574, 0.0 ], [ 87.87428700040013, 23.558217804715948, 0.0 ], [ 87.863846935868523, 23.546813326064221, 0.0 ], [ 87.847828543518602, 23.548833793693134, 0.0 ], [ 87.8377004143222, 23.568957728968371, 0.0 ], [ 87.814451200036928, 23.567907372787921, 0.0 ], [ 87.803499718728219, 23.559238999303435, 0.0 ], [ 87.795944944473476, 23.572183241692098, 0.0 ], [ 87.782411578169459, 23.572902456855051, 0.0 ], [ 87.780963205378939, 23.584386785169077, 0.0 ], [ 87.767581182691217, 23.578183938117832, 0.0 ], [ 87.744973212940167, 23.594621652651167, 0.0 ], [ 87.736643203676579, 23.586203578929943, 0.0 ], [ 87.711492311644747, 23.620503175295287, 0.0 ], [ 87.689069701937953, 23.606681166572731, 0.0 ], [ 87.677939167886663, 23.620310243485143, 0.0 ], [ 87.665841844724497, 23.620304811864383, 0.0 ], [ 87.654720873581951, 23.603449730679046, 0.0 ], [ 87.635928658026998, 23.610499284133489, 0.0 ], [ 87.584588797072882, 23.594864363423998, 0.0 ], [ 87.557937337049097, 23.608741769392289, 0.0 ], [ 87.539938504752271, 23.607089421258166, 0.0 ], [ 87.526347660218121, 23.620724372111884, 0.0 ], [ 87.514590322332296, 23.618355201085905, 0.0 ], [ 87.502303810250226, 23.601027927885436, 0.0 ], [ 87.473644547014459, 23.61277872033213, 0.0 ], [ 87.451660393724893, 23.611887965624685, 0.0 ], [ 87.409973461145626, 23.657626204368146, 0.0 ], [ 87.414608019865014, 23.684838862004327, 0.0 ], [ 87.367056478763672, 23.702273934453864, 0.0 ], [ 87.355203704380969, 23.71983883502924, 0.0 ], [ 87.293120382402606, 23.722228595476807, 0.0 ], [ 87.263999763600779, 23.749423615477479, 0.0 ], [ 87.225770780847284, 23.740162517464185, 0.0 ], [ 87.209813992082857, 23.74995035205319, 0.0 ], [ 87.155143090230723, 23.748733181830186, 0.0 ], [ 87.120109408066824, 23.768574493450032, 0.0 ], [ 87.088997402364569, 23.813805241476935, 0.0 ], [ 87.103322314158731, 23.804526253220988, 0.0 ], [ 87.116432394022993, 23.807701325798028, 0.0 ], [ 87.110677755278417, 23.800545403716363, 0.0 ], [ 87.118297638202066, 23.797480709053474, 0.0 ], [ 87.139895859900463, 23.804229431792074, 0.0 ], [ 87.149511473865374, 23.797113550331087, 0.0 ], [ 87.167109216426027, 23.825149309510696, 0.0 ], [ 87.130020321530026, 23.8539117048084, 0.0 ], [ 87.129333440231775, 23.868628830137158, 0.0 ], [ 87.164519983261115, 23.865229322540952, 0.0 ], [ 87.179898894887259, 23.851965802671597, 0.0 ], [ 87.196104501582866, 23.8578100553746, 0.0 ], [ 87.18858242763487, 23.843154846227925, 0.0 ], [ 87.203073593868808, 23.847748570407742, 0.0 ], [ 87.205812751413703, 23.856333685708567, 0.0 ], [ 87.213883374390093, 23.850555310658883, 0.0 ], [ 87.221213841698159, 23.860573014402888, 0.0 ], [ 87.233683893058213, 23.857133846598504, 0.0 ], [ 87.216540504600289, 23.831705882758261, 0.0 ], [ 87.238698595458985, 23.826427577478857, 0.0 ], [ 87.254938659245326, 23.847035327980631, 0.0 ], [ 87.244295998523043, 23.856941067950814, 0.0 ], [ 87.248729681818631, 23.868742830514019, 0.0 ], [ 87.241529077178569, 23.869660333174906, 0.0 ], [ 87.245123211517139, 23.908201707274532, 0.0 ], [ 87.25216131372332, 23.913034097091899, 0.0 ], [ 87.258281282300558, 23.906312373522756, 0.0 ], [ 87.259048565877848, 23.883172100185359, 0.0 ], [ 87.269149621243642, 23.874583957242976, 0.0 ], [ 87.291106047909906, 23.893282959054478, 0.0 ], [ 87.295033149788878, 23.902341044455468, 0.0 ], [ 87.283789382591422, 23.935772891180694, 0.0 ], [ 87.293573812994353, 23.957691364761949, 0.0 ], [ 87.260931422723189, 23.968613056233785, 0.0 ], [ 87.268083424919482, 23.987325844533064, 0.0 ], [ 87.264155818315771, 24.000607960530331, 0.0 ], [ 87.250503418999756, 23.997036405801175, 0.0 ], [ 87.244563914027765, 24.016638604805685, 0.0 ], [ 87.232887758760782, 24.023743739354373, 0.0 ], [ 87.245396070706434, 24.045064757077732, 0.0 ], [ 87.287458196336772, 24.028862464649933, 0.0 ], [ 87.337123012296317, 24.034309489185972, 0.0 ], [ 87.335800195410158, 24.020680349791846, 0.0 ], [ 87.319174142800136, 24.008481708577396, 0.0 ], [ 87.328166062614429, 23.998665060821001, 0.0 ], [ 87.351993446871091, 23.999180881837063, 0.0 ], [ 87.360423945238026, 24.01309177950251, 0.0 ], [ 87.427719166738058, 23.992348566773831, 0.0 ], [ 87.436765348555468, 23.982115684952955, 0.0 ], [ 87.460394318063422, 23.983829083220709, 0.0 ], [ 87.461693822952356, 23.994866021392927, 0.0 ], [ 87.438337891995786, 24.013554152021914, 0.0 ], [ 87.459360410001693, 24.018821510209147, 0.0 ], [ 87.476129052248496, 24.012270224563935, 0.0 ], [ 87.511980473068704, 24.035835708249316, 0.0 ], [ 87.509389822897575, 24.046952530963669, 0.0 ], [ 87.493505100494517, 24.054164496494138, 0.0 ], [ 87.499852248617373, 24.06516274470977, 0.0 ], [ 87.490614217898923, 24.070594312425687, 0.0 ], [ 87.510749369865906, 24.082246570101912, 0.0 ], [ 87.48983001129271, 24.090114825483631, 0.0 ], [ 87.500414138167102, 24.101839510888485, 0.0 ], [ 87.497616737126052, 24.118973272175761, 0.0 ], [ 87.532193342230102, 24.108353991686354, 0.0 ], [ 87.543057012095574, 24.086091152449974, 0.0 ], [ 87.553922517463846, 24.088791736558132, 0.0 ], [ 87.559920263323306, 24.081968871931899, 0.0 ], [ 87.580221342556413, 24.086368767833953, 0.0 ], [ 87.576597103701133, 24.112257230881877, 0.0 ], [ 87.591008322543559, 24.127013909135904, 0.0 ], [ 87.610230247545971, 24.132533690882479, 0.0 ], [ 87.57614515600504, 24.16128221385809, 0.0 ], [ 87.615279139408599, 24.166124865433872, 0.0 ], [ 87.63157512449672, 24.164269801358095, 0.0 ], [ 87.642201336280266, 24.15305112005392, 0.0 ], [ 87.657547628169411, 24.158903790323929, 0.0 ], [ 87.678728751352807, 24.148077240110407, 0.0 ], [ 87.69442344308068, 24.150242426220423, 0.0 ], [ 87.702902484929879, 24.179197427145521, 0.0 ], [ 87.698606587813686, 24.187812746385934, 0.0 ], [ 87.676345693919529, 24.193730784648977, 0.0 ], [ 87.675583568726054, 24.208334699355774, 0.0 ], [ 87.638605859197682, 24.213989425168261, 0.0 ], [ 87.646592295543712, 24.231747521006451, 0.0 ], [ 87.633335535163411, 24.237301263994766, 0.0 ], [ 87.638777088042943, 24.254382792200776, 0.0 ], [ 87.659166259598805, 24.236119625797574, 0.0 ], [ 87.663914789797872, 24.245657127482403, 0.0 ], [ 87.687537375085185, 24.246439485104798, 0.0 ], [ 87.690359277684109, 24.257850357490284, 0.0 ], [ 87.706581058744746, 24.262203390262517, 0.0 ], [ 87.713673802733993, 24.294399242117098, 0.0 ], [ 87.729301671632228, 24.288421709035578, 0.0 ], [ 87.754857270085211, 24.310254081670397, 0.0 ], [ 87.761602378433082, 24.308467138890542, 0.0 ], [ 87.762965254230195, 24.321306537342359, 0.0 ], [ 87.770629751566418, 24.322142691349931, 0.0 ], [ 87.764402614004567, 24.339328163560747, 0.0 ], [ 87.793822586369515, 24.383071029932218, 0.0 ], [ 87.80110276811115, 24.382217192538825, 0.0 ], [ 87.793950131612206, 24.39928587985537, 0.0 ], [ 87.809809176436943, 24.405748905537752, 0.0 ], [ 87.811276893658302, 24.417833825090355, 0.0 ], [ 87.799898697539675, 24.40918395823585, 0.0 ], [ 87.78883141514757, 24.41654955714133, 0.0 ], [ 87.795488758260191, 24.42142850967323, 0.0 ], [ 87.794562041189067, 24.436396819510005, 0.0 ], [ 87.803942192828401, 24.441610810948578, 0.0 ], [ 87.803136213956023, 24.454001613698747, 0.0 ], [ 87.823772374472597, 24.458456634994082, 0.0 ], [ 87.822672183560812, 24.471032501166821, 0.0 ], [ 87.810704167223676, 24.476363413234125, 0.0 ], [ 87.828170891238727, 24.498276808391385, 0.0 ], [ 87.811683299136121, 24.490768294164287, 0.0 ], [ 87.817230082563839, 24.500612346490453, 0.0 ], [ 87.809339503410541, 24.514517574600561, 0.0 ], [ 87.801263355388301, 24.493720126549828, 0.0 ], [ 87.794143256712545, 24.501137431854666, 0.0 ], [ 87.804241624718699, 24.519227446120521, 0.0 ], [ 87.797564026039751, 24.53879712106626, 0.0 ], [ 87.808196015060858, 24.547907033202122, 0.0 ], [ 87.792459031280259, 24.571660964634436, 0.0 ], [ 87.770188049237291, 24.57048953618354, 0.0 ], [ 87.77142632456092, 24.583217001234683, 0.0 ] ], [ [ 87.826910233910709, 24.48296770272346, 0.0 ], [ 87.831653041470062, 24.480181155683617, 0.0 ], [ 87.831114063009409, 24.483688512651643, 0.0 ], [ 87.826910233910709, 24.48296770272346, 0.0 ] ] ] } },
{ "type": "Feature", "properties": { "OBJECTID": 90, "OBJECTID_1": 90, "STATE_UT": "WEST BENGAL", "STATE_LGD": "19", "DISTRICT": "KOLKATA", "DIST_LGD": "342", "REMARKS": null, "Shape_Leng": 101277.81848, "Shape_Area": 199646496.98300001 }, "geometry": { "type": "Polygon", "coordinates": [ [ [ 88.391498765371537, 22.629118832012548, 0.0 ], [ 88.392261676721915, 22.595206101142782, 0.0 ], [ 88.410348112575292, 22.559126525079968, 0.0 ], [ 88.439749021696571, 22.528073874872568, 0.0 ], [ 88.461077585907873, 22.522563316358546, 0.0 ], [ 88.454657931466599, 22.509579813398798, 0.0 ], [ 88.439736140221655, 22.509490728153562, 0.0 ], [ 88.420546999512055, 22.523838876753903, 0.0 ], [ 88.406312399386692, 22.490866675212686, 0.0 ], [ 88.416024916780813, 22.488625037743692, 0.0 ], [ 88.41447685030839, 22.477793283982837, 0.0 ], [ 88.37778999457862, 22.465511810498096, 0.0 ], [ 88.382710990709441, 22.459429609965309, 0.0 ], [ 88.372028786405593, 22.452029222136318, 0.0 ], [ 88.359747446984542, 22.462887510407487, 0.0 ], [ 88.341137643915147, 22.457926786110306, 0.0 ], [ 88.348368132172297, 22.447872751983326, 0.0 ], [ 88.344208776808244, 22.432781949407602, 0.0 ], [ 88.334154038061996, 22.440502808418128, 0.0 ], [ 88.290337093965945, 22.442010616325469, 0.0 ], [ 88.289573624104989, 22.470599569539317, 0.0 ], [ 88.268310703795905, 22.48708533355849, 0.0 ], [ 88.283947166655537, 22.485311598885001, 0.0 ], [ 88.298815774792629, 22.5030828629775, 0.0 ], [ 88.297543243024776, 22.516994957104753, 0.0 ], [ 88.290044109623494, 22.520688249185358, 0.0 ], [ 88.29161141943321, 22.538525947478004, 0.0 ], [ 88.277565167917757, 22.542977881058786, 0.0 ], [ 88.260293244992525, 22.532795947215291, 0.0 ], [ 88.254435785804688, 22.54692417376566, 0.0 ], [ 88.233628004235698, 22.549164205986216, 0.0 ], [ 88.235255984230108, 22.55616993354154, 0.0 ], [ 88.248824596306775, 22.562401364718262, 0.0 ], [ 88.319754857696779, 22.550988864561148, 0.0 ], [ 88.356864172931466, 22.609473478408141, 0.0 ], [ 88.365474199282289, 22.608974410571978, 0.0 ], [ 88.361321682407279, 22.63078015729236, 0.0 ], [ 88.391498765371537, 22.629118832012548, 0.0 ] ] ] } },
{ "type": "Feature", "properties": { "OBJECTID": 91, "OBJECTID_1": 91, "STATE_UT": "WEST BENGAL", "STATE_LGD": "19", "DISTRICT": "NORTH24PARGANAS", "DIST_LGD": "337", "REMARKS": null, "Shape_Leng": 589108.57422399998, "Shape_Area": 3842609315.4499998 }, "geometry": { "type": "Polygon", "coordinates": [ [ [ 88.812481662242305, 23.254475921433858, 0.0 ], [ 88.828798926460706, 23.244868606813114, 0.0 ], [ 88.823821573412246, 23.233414412312023, 0.0 ], [ 88.836513933293332, 23.243308868529834, 0.0 ], [ 88.844896786895291, 23.230513982748974, 0.0 ], [ 88.874703394707794, 23.234158735472452, 0.0 ], [ 88.886173172080262, 23.225945214948155, 0.0 ], [ 88.906851037676887, 23.235964971584838, 0.0 ], [ 88.914966841943169, 23.228833365566583, 0.0 ], [ 88.914586912029051, 23.213470419031729, 0.0 ], [ 88.926659934978005, 23.217948954756991, 0.0 ], [ 88.942629700460955, 23.206113814128837, 0.0 ], [ 88.97088218357375, 23.222650700761481, 0.0 ], [ 88.978731422444568, 23.21448296057542, 0.0 ], [ 88.975931031788662, 23.224432668926816, 0.0 ], [ 88.979563595430648, 23.215493127893787, 0.0 ], [ 88.982808949901454, 23.221768621918514, 0.0 ], [ 88.995724678391511, 23.21470020984302, 0.0 ], [ 88.979669908325135, 23.212857965550121, 0.0 ], [ 88.987722494448718, 23.202653061169997, 0.0 ], [ 88.980384697244318, 23.1825473070223, 0.0 ], [ 88.975336354697987, 23.192349058428629, 0.0 ], [ 88.962307525475822, 23.193144687858695, 0.0 ], [ 88.956229780620347, 23.181898977594251, 0.0 ], [ 88.939094051113571, 23.17680385870516, 0.0 ], [ 88.93402400674303, 23.161762016162026, 0.0 ], [ 88.927865317677913, 23.163037872758217, 0.0 ], [ 88.930843599552105, 23.143192578003553, 0.0 ], [ 88.923271865276547, 23.145118713641892, 0.0 ], [ 88.917897000298709, 23.129080183584264, 0.0 ], [ 88.910327633653367, 23.12973622731338, 0.0 ], [ 88.899871158953644, 23.111917053436123, 0.0 ], [ 88.868446310596966, 23.101067722300609, 0.0 ], [ 88.874640547384558, 23.089768106805124, 0.0 ], [ 88.861007118510415, 23.077305348619142, 0.0 ], [ 88.874150740081404, 23.065784711731904, 0.0 ], [ 88.874894797530928, 23.044504356273471, 0.0 ], [ 88.884117214369084, 23.04043268614527, 0.0 ], [ 88.872000080120785, 23.016757085742711, 0.0 ], [ 88.879754632090922, 23.006325593032326, 0.0 ], [ 88.845086288768329, 23.009858276750194, 0.0 ], [ 88.86451008557907, 23.001023618928777, 0.0 ], [ 88.87096746697857, 22.978633050221415, 0.0 ], [ 88.857048878311588, 22.968883475557547, 0.0 ], [ 88.859444841548424, 22.943189540030115, 0.0 ], [ 88.879273370043123, 22.954014893045727, 0.0 ], [ 88.894264375180413, 22.951998936298835, 0.0 ], [ 88.886890579247179, 22.933208746744999, 0.0 ], [ 88.908135875497962, 22.919780356337629, 0.0 ], [ 88.89567887953207, 22.913073872895612, 0.0 ], [ 88.909429701835265, 22.879856067789063, 0.0 ], [ 88.928332539360298, 22.872490009721627, 0.0 ], [ 88.945374818786746, 22.880674606574523, 0.0 ], [ 88.968644442164461, 22.844299547337663, 0.0 ], [ 88.955524320856981, 22.811810242924984, 0.0 ], [ 88.957886522519544, 22.795864767615971, 0.0 ], [ 88.938086855438186, 22.792969592518013, 0.0 ], [ 88.911004871834407, 22.757730531100602, 0.0 ], [ 88.920751089264598, 22.753201525694713, 0.0 ], [ 88.915689986240849, 22.736537792945487, 0.0 ], [ 88.927904198924722, 22.718071095310471, 0.0 ], [ 88.962366413198069, 22.694972385217547, 0.0 ], [ 88.945026269915459, 22.662394537021477, 0.0 ], [ 88.927113650249055, 22.649647184267589, 0.0 ], [ 88.934945827305498, 22.621196984691011, 0.0 ], [ 88.960081400848992, 22.616633178032959, 0.0 ], [ 88.938938909371771, 22.592205310758661, 0.0 ], [ 88.940697393604935, 22.561348341708783, 0.0 ], [ 88.961864626271506, 22.548733384624619, 0.0 ], [ 88.974691173100766, 22.496243924769821, 0.0 ], [ 88.996123644219182, 22.468952402863856, 0.0 ], [ 88.988490268427626, 22.445113547800009, 0.0 ], [ 89.000070158530633, 22.429839515174152, 0.0 ], [ 88.971906809067221, 22.409885842993937, 0.0 ], [ 88.994251385899602, 22.388733199569661, 0.0 ], [ 88.982322679761012, 22.373486263294556, 0.0 ], [ 88.989347196957695, 22.364279883642226, 0.0 ], [ 88.984479688573273, 22.326697168104729, 0.0 ], [ 89.000423730393919, 22.324279251838, 0.0 ], [ 89.024545642190716, 22.297164357211184, 0.0 ], [ 88.999442402739277, 22.297011643748998, 0.0 ], [ 88.995097313208746, 22.286264582862209, 0.0 ], [ 89.020466091030855, 22.268503364816834, 0.0 ], [ 89.013880900310284, 22.253963190262393, 0.0 ], [ 89.034199713243552, 22.258258320867498, 0.0 ], [ 89.038894391561044, 22.230694402710078, 0.0 ], [ 89.071613852146427, 22.196887913134322, 0.0 ], [ 89.063950901785432, 22.169098549860774, 0.0 ], [ 89.071844068703442, 22.146252670892427, 0.0 ], [ 89.091154505649271, 22.158247678608689, 0.0 ], [ 89.098546450101907, 22.153417000717123, 0.0 ], [ 89.094765676957891, 22.142793513200523, 0.0 ], [ 89.059665583123845, 22.120154459449701, 0.0 ], [ 89.024735531747481, 22.155234732809404, 0.0 ], [ 89.019051601035173, 22.198263700961231, 0.0 ], [ 88.966145797999829, 22.207033816242678, 0.0 ], [ 88.955109760649492, 22.242900621872309, 0.0 ], [ 88.935386702722369, 22.262993587366473, 0.0 ], [ 88.923888823637355, 22.260238408049716, 0.0 ], [ 88.915028969099623, 22.270865441281916, 0.0 ], [ 88.905783487240612, 22.251698841996603, 0.0 ], [ 88.895617359253208, 22.252535800251852, 0.0 ], [ 88.888278258270219, 22.266516707647543, 0.0 ], [ 88.877280615651088, 22.275159522192435, 0.0 ], [ 88.865477255726688, 22.271718467770338, 0.0 ], [ 88.850900646783728, 22.288595207317616, 0.0 ], [ 88.828575022227412, 22.265277333703601, 0.0 ], [ 88.815128007997814, 22.264428445304699, 0.0 ], [ 88.816565637986102, 22.28312705727042, 0.0 ], [ 88.804369133414525, 22.291041988675584, 0.0 ], [ 88.810895878109932, 22.320394519961283, 0.0 ], [ 88.803169826942209, 22.329638540593738, 0.0 ], [ 88.821402442435669, 22.370644849438548, 0.0 ], [ 88.771398233793889, 22.370394254997365, 0.0 ], [ 88.773655378943076, 22.388204140627661, 0.0 ], [ 88.765099082226797, 22.379538070209307, 0.0 ], [ 88.761364677352347, 22.386529647224055, 0.0 ], [ 88.767987350331325, 22.392729181812829, 0.0 ], [ 88.760578289453989, 22.398015996564695, 0.0 ], [ 88.751124807374964, 22.391800420045147, 0.0 ], [ 88.755498791426632, 22.398386965094335, 0.0 ], [ 88.733356790118521, 22.411069497313004, 0.0 ], [ 88.734194614518316, 22.4206188075669, 0.0 ], [ 88.704008646546598, 22.433495575130078, 0.0 ], [ 88.704315402997295, 22.461020402084301, 0.0 ], [ 88.686868262892204, 22.466838951872873, 0.0 ], [ 88.66578145796602, 22.492744916193022, 0.0 ], [ 88.649363213760608, 22.49545722908055, 0.0 ], [ 88.656508482732406, 22.50626883444734, 0.0 ], [ 88.653018554023035, 22.527518084915915, 0.0 ], [ 88.629437014423061, 22.547919943175504, 0.0 ], [ 88.62258688616069, 22.582276064186651, 0.0 ], [ 88.590813628171318, 22.597136036793234, 0.0 ], [ 88.593722425170668, 22.613693833156088, 0.0 ], [ 88.581978134442082, 22.612070056523145, 0.0 ], [ 88.559742012214798, 22.625065963714004, 0.0 ], [ 88.54400533837034, 22.605061052224293, 0.0 ], [ 88.553140265633218, 22.591682452789829, 0.0 ], [ 88.523659474872929, 22.564751334834792, 0.0 ], [ 88.519893460606283, 22.549826087201982, 0.0 ], [ 88.511685643952589, 22.558674785845284, 0.0 ], [ 88.484793879760844, 22.559620670255647, 0.0 ], [ 88.473103093104982, 22.576582132369673, 0.0 ], [ 88.46441857241247, 22.565653700687704, 0.0 ], [ 88.458404494353672, 22.568030293882774, 0.0 ], [ 88.469572267297352, 22.556664894469627, 0.0 ], [ 88.461233097051831, 22.52251570473549, 0.0 ], [ 88.439749021696571, 22.528073874872568, 0.0 ], [ 88.413429790908992, 22.55389694244214, 0.0 ], [ 88.392261676721915, 22.595206101142782, 0.0 ], [ 88.391498765371537, 22.629118832012548, 0.0 ], [ 88.361321682407279, 22.63078015729236, 0.0 ], [ 88.352367301046016, 22.64985016379833, 0.0 ], [ 88.363455518934543, 22.685557852259187, 0.0 ], [ 88.362194226973443, 22.745113092281183, 0.0 ], [ 88.331993136843565, 22.781224522268136, 0.0 ], [ 88.353653287912948, 22.798548948862383, 0.0 ], [ 88.357262954328959, 22.825021131429303, 0.0 ], [ 88.376273445409197, 22.832508243590368, 0.0 ], [ 88.37171316455229, 22.860754260313882, 0.0 ], [ 88.406737902822798, 22.881574732181011, 0.0 ], [ 88.401315960213438, 22.916255435604999, 0.0 ], [ 88.413954500152869, 22.952621116227398, 0.0 ], [ 88.463681393097602, 22.950727902036832, 0.0 ], [ 88.472953400502007, 22.935863782716233, 0.0 ], [ 88.506958839030929, 22.946247913454993, 0.0 ], [ 88.514663209754971, 22.932279702191543, 0.0 ], [ 88.564334699866322, 22.922793842708757, 0.0 ], [ 88.56648305376703, 22.914482587646173, 0.0 ], [ 88.579880962126254, 22.915950006255056, 0.0 ], [ 88.581774139491472, 22.909588868108283, 0.0 ], [ 88.612011072920524, 22.909788633435397, 0.0 ], [ 88.627265793417038, 22.883448759407393, 0.0 ], [ 88.653433594153441, 22.886792125094285, 0.0 ], [ 88.659258874226765, 22.87525068594768, 0.0 ], [ 88.668956206566804, 22.894134658295979, 0.0 ], [ 88.656752657709646, 22.911294462026234, 0.0 ], [ 88.662524295342806, 22.933547712239953, 0.0 ], [ 88.656992662374591, 22.938655264873706, 0.0 ], [ 88.679579920750825, 22.94441496149129, 0.0 ], [ 88.665356385393437, 22.950532390927449, 0.0 ], [ 88.66304901361471, 22.981654594137506, 0.0 ], [ 88.679246082682724, 23.001290893160846, 0.0 ], [ 88.675608085714046, 23.015613439293414, 0.0 ], [ 88.687870205554432, 23.026165088016842, 0.0 ], [ 88.682296072047521, 23.053279207725836, 0.0 ], [ 88.695636246831143, 23.065116595457955, 0.0 ], [ 88.68289808791657, 23.06938827940423, 0.0 ], [ 88.674231424136465, 23.095225341091599, 0.0 ], [ 88.68344169700238, 23.108970138620965, 0.0 ], [ 88.694551423111065, 23.110315694302869, 0.0 ], [ 88.693013789277543, 23.120122693722067, 0.0 ], [ 88.704762526636031, 23.135756738180149, 0.0 ], [ 88.693949936580964, 23.157004210362604, 0.0 ], [ 88.700118500603779, 23.169010895366533, 0.0 ], [ 88.711548650962925, 23.167172182167693, 0.0 ], [ 88.719212107469261, 23.184202339183123, 0.0 ], [ 88.718150803169252, 23.210547030995755, 0.0 ], [ 88.702214686512264, 23.214912285928879, 0.0 ], [ 88.71122715881144, 23.222722821930375, 0.0 ], [ 88.708282625310787, 23.232553110074729, 0.0 ], [ 88.722973106048187, 23.239461480143344, 0.0 ], [ 88.753443111293265, 23.234790170316128, 0.0 ], [ 88.752079302368244, 23.240392002888388, 0.0 ], [ 88.767437556988995, 23.245710332049665, 0.0 ], [ 88.778013766186746, 23.23624340935465, 0.0 ], [ 88.772980296123194, 23.228964347075383, 0.0 ], [ 88.778732386492024, 23.22069314201395, 0.0 ], [ 88.805791184026475, 23.218781503433753, 0.0 ], [ 88.811438973394218, 23.221547792788311, 0.0 ], [ 88.805906154126077, 23.237946976554735, 0.0 ], [ 88.812481662242305, 23.254475921433858, 0.0 ] ] ] } },
{ "type": "Feature", "properties": { "OBJECTID": 92, "OBJECTID_1": 92, "STATE_UT": "WEST BENGAL", "STATE_LGD": "19", "DISTRICT": "NADIA", "DIST_LGD": "336", "REMARKS": null, "Shape_Leng": 683792.55359300005, "Shape_Area": 3742930806.5599999 }, "geometry": { "type": "Polygon", "coordinates": [ [ [ 88.700912243730613, 24.094243702871236, 0.0 ], [ 88.741631310730938, 24.057122441534357, 0.0 ], [ 88.741113629423197, 24.048552462690793, 0.0 ], [ 88.724640284852441, 24.04770442353999, 0.0 ], [ 88.724754355948832, 24.041612038058943, 0.0 ], [ 88.757490648483568, 24.032095043695339, 0.0 ], [ 88.734682984211489, 24.017490510820647, 0.0 ], [ 88.729045508642201, 23.996113571521281, 0.0 ], [ 88.760194911234919, 24.006058245915298, 0.0 ], [ 88.768711332983401, 23.981462459008206, 0.0 ], [ 88.738239148948963, 23.982986089559091, 0.0 ], [ 88.732486121016919, 23.961127222432502, 0.0 ], [ 88.742490098576184, 23.951030365506615, 0.0 ], [ 88.743426508599242, 23.930169782222304, 0.0 ], [ 88.734934390974544, 23.9329154690023, 0.0 ], [ 88.733403509573947, 23.910975073569801, 0.0 ], [ 88.706397057985583, 23.916272815659514, 0.0 ], [ 88.699327089838121, 23.910181430001582, 0.0 ], [ 88.704338634550695, 23.899174941088194, 0.0 ], [ 88.68838742517093, 23.901482834304954, 0.0 ], [ 88.6829349656076, 23.88862315477704, 0.0 ], [ 88.664282817609759, 23.882422347107596, 0.0 ], [ 88.667585909758259, 23.869445008622012, 0.0 ], [ 88.637732101459207, 23.871393639768449, 0.0 ], [ 88.626411707809694, 23.864941647098568, 0.0 ], [ 88.624817957706583, 23.875105654116549, 0.0 ], [ 88.61643904919066, 23.876512051945998, 0.0 ], [ 88.608048291063369, 23.862349266142814, 0.0 ], [ 88.587489516560055, 23.871452350555657, 0.0 ], [ 88.575640578128869, 23.861551709847433, 0.0 ], [ 88.578381758088085, 23.850671282645958, 0.0 ], [ 88.591092760927992, 23.853015194998108, 0.0 ], [ 88.586519526678089, 23.831183663912693, 0.0 ], [ 88.601990617054184, 23.816315794617907, 0.0 ], [ 88.594458306943579, 23.808850596106094, 0.0 ], [ 88.589516302090274, 23.813607752981447, 0.0 ], [ 88.585147141065434, 23.813645504686228, 0.0 ], [ 88.596202073818617, 23.804888868282106, 0.0 ], [ 88.581643569577437, 23.79727881545573, 0.0 ], [ 88.578126792459642, 23.786576075208504, 0.0 ], [ 88.57126560058515, 23.783027790398684, 0.0 ], [ 88.559303716212838, 23.785978572257136, 0.0 ], [ 88.556035310779251, 23.784211356371937, 0.0 ], [ 88.579572744067505, 23.774695496145775, 0.0 ], [ 88.580405502896866, 23.757894282114894, 0.0 ], [ 88.570081960431892, 23.748084736387156, 0.0 ], [ 88.576602827108573, 23.732966602872963, 0.0 ], [ 88.564506313569083, 23.711329105604641, 0.0 ], [ 88.573820595210819, 23.666940880990015, 0.0 ], [ 88.558208038042096, 23.649154337192343, 0.0 ], [ 88.562170252314985, 23.637088265736566, 0.0 ], [ 88.593764914028796, 23.640810242496826, 0.0 ], [ 88.594088521940847, 23.617595372493891, 0.0 ], [ 88.585316742677733, 23.616543592946066, 0.0 ], [ 88.580073923922356, 23.602966930871965, 0.0 ], [ 88.597185837847377, 23.601946077123724, 0.0 ], [ 88.597897873601852, 23.606272745971292, 0.0 ], [ 88.606272820740514, 23.610356541481522, 0.0 ], [ 88.601506616908324, 23.606851742842981, 0.0 ], [ 88.607349365774382, 23.600185513956912, 0.0 ], [ 88.645531591302941, 23.609283935533963, 0.0 ], [ 88.638763193554709, 23.590735065654538, 0.0 ], [ 88.650562283496143, 23.585368284281444, 0.0 ], [ 88.654253207877915, 23.556153441268002, 0.0 ], [ 88.678336558654863, 23.545830423283633, 0.0 ], [ 88.695753311403791, 23.517311432391548, 0.0 ], [ 88.714921014121913, 23.508531644397163, 0.0 ], [ 88.725134782671148, 23.511832882731134, 0.0 ], [ 88.741421486803802, 23.479679840620193, 0.0 ], [ 88.760905674369113, 23.478385646265242, 0.0 ], [ 88.760678902734071, 23.489919321843605, 0.0 ], [ 88.774887493292425, 23.479814347074711, 0.0 ], [ 88.768247316384276, 23.490126273788583, 0.0 ], [ 88.785951531642738, 23.507240089089056, 0.0 ], [ 88.784498978222473, 23.497172673231383, 0.0 ], [ 88.792747577282256, 23.502866497582595, 0.0 ], [ 88.800786957182069, 23.497124098981914, 0.0 ], [ 88.794555353040849, 23.485579333294382, 0.0 ], [ 88.801413222522129, 23.485809796111603, 0.0 ], [ 88.787312231655434, 23.469082202973194, 0.0 ], [ 88.795316289958905, 23.443023479879699, 0.0 ], [ 88.785067657126632, 23.444795811975442, 0.0 ], [ 88.784336879409338, 23.438398795711549, 0.0 ], [ 88.779120856112556, 23.437290360219446, 0.0 ], [ 88.773275716033524, 23.448316151481205, 0.0 ], [ 88.764314440481556, 23.448205645584505, 0.0 ], [ 88.754444824185342, 23.416384011704139, 0.0 ], [ 88.761230206559773, 23.408427835717042, 0.0 ], [ 88.749261527254774, 23.400553926156867, 0.0 ], [ 88.752944071387347, 23.389122260891082, 0.0 ], [ 88.762893925487376, 23.387208520367565, 0.0 ], [ 88.758541620849911, 23.374111785855167, 0.0 ], [ 88.765434505736806, 23.367883893870353, 0.0 ], [ 88.758159770564589, 23.359937539870131, 0.0 ], [ 88.747713217545993, 23.362001985606135, 0.0 ], [ 88.745952782288796, 23.349007410343486, 0.0 ], [ 88.732032049888318, 23.351986590336058, 0.0 ], [ 88.739051855627437, 23.343449957705868, 0.0 ], [ 88.732662838688213, 23.328070336513619, 0.0 ], [ 88.749665176112444, 23.32147187656701, 0.0 ], [ 88.745298472858437, 23.307820192497957, 0.0 ], [ 88.731800641845197, 23.308033033172197, 0.0 ], [ 88.730416993930348, 23.319582536779865, 0.0 ], [ 88.724758177580455, 23.31796262825641, 0.0 ], [ 88.725408832924444, 23.298691773036719, 0.0 ], [ 88.706789889963161, 23.303992662234052, 0.0 ], [ 88.710345111269007, 23.312854075534371, 0.0 ], [ 88.69628140082645, 23.301998179871216, 0.0 ], [ 88.697637377342843, 23.291739886445303, 0.0 ], [ 88.708954693686323, 23.289737255113835, 0.0 ], [ 88.711379911220945, 23.278215709414816, 0.0 ], [ 88.724409870110264, 23.271621282912061, 0.0 ], [ 88.718894213426623, 23.254798165532758, 0.0 ], [ 88.754233688225483, 23.235698275318665, 0.0 ], [ 88.713112869312155, 23.237972839375708, 0.0 ], [ 88.702205250526035, 23.215408880864477, 0.0 ], [ 88.718150803169252, 23.210547030995755, 0.0 ], [ 88.719212107469261, 23.184202339183123, 0.0 ], [ 88.711548650962925, 23.167172182167693, 0.0 ], [ 88.700118500603779, 23.169010895366533, 0.0 ], [ 88.693949936580964, 23.157004210362604, 0.0 ], [ 88.704762526636031, 23.135756738180149, 0.0 ], [ 88.693013789277543, 23.120122693722067, 0.0 ], [ 88.694551423111065, 23.110315694302869, 0.0 ], [ 88.68344169700238, 23.108970138620965, 0.0 ], [ 88.674231424136465, 23.095225341091599, 0.0 ], [ 88.68289808791657, 23.06938827940423, 0.0 ], [ 88.695636246831143, 23.065116595457955, 0.0 ], [ 88.682296072047521, 23.053279207725836, 0.0 ], [ 88.687870205554432, 23.026165088016842, 0.0 ], [ 88.675608085714046, 23.015613439293414, 0.0 ], [ 88.679246082682724, 23.001290893160846, 0.0 ], [ 88.66304901361471, 22.981654594137506, 0.0 ], [ 88.665356385393437, 22.950532390927449, 0.0 ], [ 88.679579920750825, 22.94441496149129, 0.0 ], [ 88.656992662374591, 22.938655264873706, 0.0 ], [ 88.662524295342806, 22.933547712239953, 0.0 ], [ 88.656752657709646, 22.911294462026234, 0.0 ], [ 88.668956206566804, 22.894134658295979, 0.0 ], [ 88.659258874226765, 22.87525068594768, 0.0 ], [ 88.653433594153441, 22.886792125094285, 0.0 ], [ 88.627265793417038, 22.883448759407393, 0.0 ], [ 88.612011072920524, 22.909788633435397, 0.0 ], [ 88.581774139491472, 22.909588868108283, 0.0 ], [ 88.579880962126254, 22.915950006255056, 0.0 ], [ 88.56648305376703, 22.914482587646173, 0.0 ], [ 88.564334699866322, 22.922793842708757, 0.0 ], [ 88.514663209754971, 22.932279702191543, 0.0 ], [ 88.506958839030929, 22.946247913454993, 0.0 ], [ 88.470579486043292, 22.936050259855367, 0.0 ], [ 88.463681393097602, 22.950727902036832, 0.0 ], [ 88.418509294207155, 22.95678734821557, 0.0 ], [ 88.411827024877596, 22.945591819004314, 0.0 ], [ 88.404127057771817, 22.982331653089663, 0.0 ], [ 88.419980659454779, 23.014660457749475, 0.0 ], [ 88.447617358102221, 23.026057181182892, 0.0 ], [ 88.468610509431571, 23.080453523196695, 0.0 ], [ 88.499079936884584, 23.076931916447386, 0.0 ], [ 88.507663585961481, 23.115635698182832, 0.0 ], [ 88.502136267399408, 23.128124045773809, 0.0 ], [ 88.450652191219675, 23.13324194499269, 0.0 ], [ 88.450838097786971, 23.151730222902589, 0.0 ], [ 88.472541698139054, 23.207788273140999, 0.0 ], [ 88.468022728263236, 23.221078126446539, 0.0 ], [ 88.450839183683598, 23.224504869855195, 0.0 ], [ 88.418832876241325, 23.21199268144559, 0.0 ], [ 88.393955463908711, 23.21383937845102, 0.0 ], [ 88.354155702320398, 23.236539263993478, 0.0 ], [ 88.362991916944026, 23.254504335702268, 0.0 ], [ 88.349710815041036, 23.280367949383713, 0.0 ], [ 88.330870500197065, 23.281234881808405, 0.0 ], [ 88.334351165426384, 23.293687646832364, 0.0 ], [ 88.348770291786764, 23.29095946947416, 0.0 ], [ 88.326430446560622, 23.314114650802328, 0.0 ], [ 88.336408157644158, 23.328646091246924, 0.0 ], [ 88.329284415016843, 23.330219733787651, 0.0 ], [ 88.330947756719667, 23.341579365803053, 0.0 ], [ 88.343174756225082, 23.347063278832405, 0.0 ], [ 88.330195222706038, 23.354337779766528, 0.0 ], [ 88.329037476552983, 23.364707756002797, 0.0 ], [ 88.35290223348035, 23.390659334238872, 0.0 ], [ 88.356710028456803, 23.406917433835925, 0.0 ], [ 88.328005459844107, 23.419132417098922, 0.0 ], [ 88.351671887502846, 23.431151623386924, 0.0 ], [ 88.34279525613357, 23.436084502832163, 0.0 ], [ 88.339026590135219, 23.457505826202691, 0.0 ], [ 88.367527160963093, 23.459144453123539, 0.0 ], [ 88.356701206903793, 23.465947078465366, 0.0 ], [ 88.364775692110186, 23.472941055651589, 0.0 ], [ 88.362435336389183, 23.481094431557249, 0.0 ], [ 88.389102572871309, 23.500740929327193, 0.0 ], [ 88.35560208660516, 23.54661780856074, 0.0 ], [ 88.319304129620406, 23.550676426280507, 0.0 ], [ 88.275024679441003, 23.537741949963181, 0.0 ], [ 88.273661140849455, 23.559569273850475, 0.0 ], [ 88.315788181309273, 23.571582304131198, 0.0 ], [ 88.321335401230399, 23.576622662444606, 0.0 ], [ 88.314892569777072, 23.591125705566689, 0.0 ], [ 88.284593874916936, 23.578185368198142, 0.0 ], [ 88.280904426592414, 23.606850846668546, 0.0 ], [ 88.27225912580208, 23.598488848923221, 0.0 ], [ 88.25757714164348, 23.620238581877246, 0.0 ], [ 88.228473276381138, 23.616144277195801, 0.0 ], [ 88.223595643372974, 23.606835741079465, 0.0 ], [ 88.196968995464303, 23.622316044005832, 0.0 ], [ 88.164325011933101, 23.623473811011252, 0.0 ], [ 88.134335462733119, 23.662509176832337, 0.0 ], [ 88.164238962021557, 23.713264948265767, 0.0 ], [ 88.23246794606608, 23.711061542131119, 0.0 ], [ 88.226439755503435, 23.723844624266679, 0.0 ], [ 88.191765813464968, 23.737798532816115, 0.0 ], [ 88.198733786181975, 23.768683315561226, 0.0 ], [ 88.222895187901116, 23.758424135202578, 0.0 ], [ 88.240692937948666, 23.766058026576818, 0.0 ], [ 88.237360313931092, 23.804801126840808, 0.0 ], [ 88.251510825740439, 23.800916325402465, 0.0 ], [ 88.269184324473414, 23.812288109675883, 0.0 ], [ 88.293954111252106, 23.804484263458551, 0.0 ], [ 88.297472870299529, 23.811465427402368, 0.0 ], [ 88.33455016766419, 23.808000617331373, 0.0 ], [ 88.351939951385418, 23.830521253533451, 0.0 ], [ 88.377621029820048, 23.813770061139216, 0.0 ], [ 88.387734914389753, 23.82209879403246, 0.0 ], [ 88.407741587220698, 23.821825204325574, 0.0 ], [ 88.409263874927035, 23.80630413139783, 0.0 ], [ 88.418580755212034, 23.803963323707944, 0.0 ], [ 88.448235326437441, 23.856311194166615, 0.0 ], [ 88.457734693531165, 23.842866924582435, 0.0 ], [ 88.448919582592296, 23.824511013450504, 0.0 ], [ 88.476619471058797, 23.821949372073021, 0.0 ], [ 88.47645943850091, 23.862909100405446, 0.0 ], [ 88.462952915332508, 23.888635988582433, 0.0 ], [ 88.48286405432809, 23.9033496095341, 0.0 ], [ 88.503942304480773, 23.885137468401506, 0.0 ], [ 88.510855570296243, 23.895589214254226, 0.0 ], [ 88.497385951043611, 23.910959236055664, 0.0 ], [ 88.461300483081146, 23.922048149132472, 0.0 ], [ 88.457252614290695, 23.927973234512503, 0.0 ], [ 88.465314266188443, 23.938559627329322, 0.0 ], [ 88.490066719778028, 23.936213823006959, 0.0 ], [ 88.497809042198611, 23.950713291072748, 0.0 ], [ 88.50732521748931, 23.949118344160496, 0.0 ], [ 88.5119160880854, 23.956850485836629, 0.0 ], [ 88.523277805050171, 23.951256115659085, 0.0 ], [ 88.511939151879531, 23.99190006680961, 0.0 ], [ 88.542459080742447, 23.997427370808733, 0.0 ], [ 88.553505410437793, 24.040979644712845, 0.0 ], [ 88.583749651684386, 24.028666832565889, 0.0 ], [ 88.594677524316765, 24.001614948619142, 0.0 ], [ 88.611303568123517, 23.985129942902393, 0.0 ], [ 88.628716654082055, 23.984977160848661, 0.0 ], [ 88.649892960876144, 24.010220896935849, 0.0 ], [ 88.647132816458381, 24.020757794563931, 0.0 ], [ 88.630668689625779, 24.029376972863613, 0.0 ], [ 88.650695192636974, 24.069056143857676, 0.0 ], [ 88.68140801545988, 24.078122056765555, 0.0 ], [ 88.668970719115975, 24.085565614340236, 0.0 ], [ 88.700912243730613, 24.094243702871236, 0.0 ] ] ] } },
{ "type": "Feature", "properties": { "OBJECTID": 93, "OBJECTID_1": 93, "STATE_UT": "WEST BENGAL", "STATE_LGD": "19", "DISTRICT": "MALDAH", "DIST_LGD": "332", "REMARKS": null, "Shape_Leng": 483654.05356600002, "Shape_Area": 3466030612.48 }, "geometry": { "type": "Polygon", "coordinates": [ [ [ 87.9636421907542, 25.539304943052198, 0.0 ], [ 87.976549890129434, 25.524700199347464, 0.0 ], [ 87.993798565560468, 25.52241261401872, 0.0 ], [ 87.98502261142076, 25.515328721567737, 0.0 ], [ 87.994151462922275, 25.51199078537724, 0.0 ], [ 87.995775325444257, 25.49954454525832, 0.0 ], [ 88.006980456045582, 25.497051613759659, 0.0 ], [ 88.00671823423275, 25.510136481727329, 0.0 ], [ 88.013521260104497, 25.511211527510213, 0.0 ], [ 88.010382120251123, 25.501595472531736, 0.0 ], [ 88.024655600796422, 25.501646672186038, 0.0 ], [ 88.030560070227565, 25.491416246520409, 0.0 ], [ 88.065400853323595, 25.490132515257187, 0.0 ], [ 88.084438696067167, 25.448907898378877, 0.0 ], [ 88.100638464035768, 25.431886679735669, 0.0 ], [ 88.112815658660026, 25.436045301960185, 0.0 ], [ 88.093901463769441, 25.420881427733811, 0.0 ], [ 88.109970089106653, 25.417052161176134, 0.0 ], [ 88.102179807913686, 25.404634330216201, 0.0 ], [ 88.11447366231755, 25.407926184392846, 0.0 ], [ 88.098959854854655, 25.38140714869585, 0.0 ], [ 88.121904597525798, 25.366456324384785, 0.0 ], [ 88.114916661017574, 25.348374624187795, 0.0 ], [ 88.119983340801781, 25.341618086340112, 0.0 ], [ 88.108139919229217, 25.326045363618615, 0.0 ], [ 88.126340935800471, 25.297466477804814, 0.0 ], [ 88.106997922622227, 25.293366839454748, 0.0 ], [ 88.09961926960618, 25.275063065897111, 0.0 ], [ 88.121337244493617, 25.271522273064583, 0.0 ], [ 88.125839631933701, 25.244867831552082, 0.0 ], [ 88.149139868204372, 25.26944433865987, 0.0 ], [ 88.139535657041478, 25.276879386632412, 0.0 ], [ 88.144825432572219, 25.296792841069262, 0.0 ], [ 88.162031249035195, 25.304015901279545, 0.0 ], [ 88.191149645911821, 25.279989210625601, 0.0 ], [ 88.215141493347673, 25.31336815947245, 0.0 ], [ 88.238139244335315, 25.304528540675555, 0.0 ], [ 88.23518134549613, 25.295047664799753, 0.0 ], [ 88.24156026256253, 25.293950575626084, 0.0 ], [ 88.270323180532614, 25.30160113661595, 0.0 ], [ 88.274350492869218, 25.317391566702728, 0.0 ], [ 88.300104765113815, 25.306949159221016, 0.0 ], [ 88.299797242133323, 25.298486056738511, 0.0 ], [ 88.330779967941993, 25.296264642227722, 0.0 ], [ 88.329664446869373, 25.304962031193561, 0.0 ], [ 88.377758161168046, 25.288743060063116, 0.0 ], [ 88.393046327229214, 25.302982431326683, 0.0 ], [ 88.399434691157452, 25.293408250498935, 0.0 ], [ 88.426079314263006, 25.301634528725646, 0.0 ], [ 88.429290200726271, 25.309387725449024, 0.0 ], [ 88.418442220707973, 25.313886714275672, 0.0 ], [ 88.436969472890993, 25.31462052364931, 0.0 ], [ 88.448932106366044, 25.306711855747842, 0.0 ], [ 88.438932728870213, 25.279522069271589, 0.0 ], [ 88.446981364919509, 25.264998166561789, 0.0 ], [ 88.45610198281328, 25.261039583582654, 0.0 ], [ 88.455118180220339, 25.267056757930199, 0.0 ], [ 88.463965661782041, 25.270021745987979, 0.0 ], [ 88.452672070295264, 25.227414229675222, 0.0 ], [ 88.439101245349562, 25.218975624209193, 0.0 ], [ 88.445007419137994, 25.213078227973181, 0.0 ], [ 88.437336411453344, 25.202072789346396, 0.0 ], [ 88.442045597590464, 25.174338862739464, 0.0 ], [ 88.457234349038146, 25.164615827746974, 0.0 ], [ 88.461403560080129, 25.149385582438001, 0.0 ], [ 88.458658455400723, 25.135569702893271, 0.0 ], [ 88.441419533807448, 25.127508092038049, 0.0 ], [ 88.446360709818535, 25.082955863340089, 0.0 ], [ 88.452869755914733, 25.07930493326587, 0.0 ], [ 88.434965544476654, 25.055962234752005, 0.0 ], [ 88.437840810511204, 25.043076084502761, 0.0 ], [ 88.452658366377861, 25.036871081511027, 0.0 ], [ 88.438563173716162, 25.022309799953639, 0.0 ], [ 88.436539493851711, 25.006453814146369, 0.0 ], [ 88.427472521955835, 25.007651359199805, 0.0 ], [ 88.428055633313235, 25.00938426276528, 0.0 ], [ 88.426515486858889, 25.009549118950659, 0.0 ], [ 88.427326402813335, 25.01261960311329, 0.0 ], [ 88.425569222574154, 25.016434315767341, 0.0 ], [ 88.420490508889912, 24.999686527915291, 0.0 ], [ 88.412092992926972, 24.998811184387549, 0.0 ], [ 88.417427552190603, 24.974833056158641, 0.0 ], [ 88.40509592192835, 24.979717246269178, 0.0 ], [ 88.405714358519703, 24.972345771802903, 0.0 ], [ 88.395247472279991, 24.96907878635497, 0.0 ], [ 88.3988380357371, 24.945320221814967, 0.0 ], [ 88.381614583195102, 24.939130300350044, 0.0 ], [ 88.364040256766827, 24.953286185267277, 0.0 ], [ 88.354666555118968, 24.94202587584234, 0.0 ], [ 88.340904397785692, 24.940631463715317, 0.0 ], [ 88.336590226634812, 24.918677172892203, 0.0 ], [ 88.324279373888402, 24.916823110927471, 0.0 ], [ 88.332777509557133, 24.89714737304072, 0.0 ], [ 88.343880219924458, 24.899567679252524, 0.0 ], [ 88.347007620636944, 24.892433361243967, 0.0 ], [ 88.330619022426134, 24.870139789897184, 0.0 ], [ 88.321058885791146, 24.883468501072819, 0.0 ], [ 88.301917558489492, 24.871890574685114, 0.0 ], [ 88.302007249524692, 24.885841978334167, 0.0 ], [ 88.278126000620475, 24.888053011651557, 0.0 ], [ 88.276083816230795, 24.897795375496159, 0.0 ], [ 88.267210490109051, 24.878318824430128, 0.0 ], [ 88.25826625346096, 24.877550192681909, 0.0 ], [ 88.26453393264552, 24.899300636455798, 0.0 ], [ 88.260518688467187, 24.91918199765319, 0.0 ], [ 88.226112744144302, 24.959706128730609, 0.0 ], [ 88.170208636731857, 24.950362814360233, 0.0 ], [ 88.157517851888883, 24.933516050918289, 0.0 ], [ 88.138044351615534, 24.936160964017628, 0.0 ], [ 88.14037485266266, 24.914039137335603, 0.0 ], [ 88.169339362536221, 24.89245213582798, 0.0 ], [ 88.152680245678326, 24.884414490134809, 0.0 ], [ 88.175019136244359, 24.860151239214829, 0.0 ], [ 88.162249093548184, 24.85796534190785, 0.0 ], [ 88.160440272951092, 24.848492361046809, 0.0 ], [ 88.144949219837329, 24.851100001053251, 0.0 ], [ 88.140910182800482, 24.834376729543052, 0.0 ], [ 88.13191237682598, 24.836012374372768, 0.0 ], [ 88.136284076914734, 24.805275112094588, 0.0 ], [ 88.123544984949532, 24.823109429829326, 0.0 ], [ 88.105204538359189, 24.800342973937912, 0.0 ], [ 88.106097990492444, 24.779567254378449, 0.0 ], [ 88.089018025098184, 24.782901737094765, 0.0 ], [ 88.077872194019818, 24.769098010795666, 0.0 ], [ 88.068306919947929, 24.769150160218487, 0.0 ], [ 88.074546032787183, 24.760746649238541, 0.0 ], [ 88.065759864940262, 24.750707644134586, 0.0 ], [ 88.072500422122346, 24.743641752871817, 0.0 ], [ 88.062845569730726, 24.721596493538776, 0.0 ], [ 88.001515675912501, 24.655245342939679, 0.0 ], [ 87.976533725277434, 24.666752608628563, 0.0 ], [ 87.956917391588064, 24.696571624253686, 0.0 ], [ 87.968436005284062, 24.731437107839113, 0.0 ], [ 87.966987401362388, 24.769802917884139, 0.0 ], [ 87.949026882589308, 24.795970753560852, 0.0 ], [ 87.928279351788447, 24.81016652640151, 0.0 ], [ 87.896666214210995, 24.857768427722426, 0.0 ], [ 87.960826824521192, 24.922077109483293, 0.0 ], [ 87.957750391788366, 24.97089098457058, 0.0 ], [ 87.940538282016135, 24.990854794998832, 0.0 ], [ 87.899360352225528, 25.006784673403644, 0.0 ], [ 87.857275146444152, 25.054630927474445, 0.0 ], [ 87.805790447019717, 25.072652256424703, 0.0 ], [ 87.773508230281948, 25.125475341569512, 0.0 ], [ 87.790916484879759, 25.230159221600712, 0.0 ], [ 87.776251273319644, 25.25658332809633, 0.0 ], [ 87.827303429360683, 25.235288630849951, 0.0 ], [ 87.855268439753203, 25.255269605139183, 0.0 ], [ 87.862408440349881, 25.274105802478868, 0.0 ], [ 87.855434972142987, 25.296885084460847, 0.0 ], [ 87.79653660931578, 25.325598349649344, 0.0 ], [ 87.788238864340045, 25.338339978496467, 0.0 ], [ 87.792311996425781, 25.373548007766818, 0.0 ], [ 87.77929097814561, 25.373075097047654, 0.0 ], [ 87.765876012434973, 25.38527025853621, 0.0 ], [ 87.772532609780882, 25.404218324105166, 0.0 ], [ 87.764513153629636, 25.413776591142756, 0.0 ], [ 87.776332195258348, 25.412688289596488, 0.0 ], [ 87.770787317288679, 25.42826054761866, 0.0 ], [ 87.781331024741888, 25.432542075673183, 0.0 ], [ 87.787257609291416, 25.450401146638274, 0.0 ], [ 87.811669450800224, 25.435546490166999, 0.0 ], [ 87.822683719077347, 25.437080997543987, 0.0 ], [ 87.839346066560964, 25.467841084449226, 0.0 ], [ 87.869307019999496, 25.468996512913748, 0.0 ], [ 87.867808747472381, 25.493852176711851, 0.0 ], [ 87.886374194951486, 25.508079469322475, 0.0 ], [ 87.88437067433226, 25.52057280433548, 0.0 ], [ 87.902761690916179, 25.505324179873593, 0.0 ], [ 87.916960415780096, 25.532952354114787, 0.0 ], [ 87.9636421907542, 25.539304943052198, 0.0 ] ] ] } },
{ "type": "Feature", "properties": { "OBJECTID": 94, "OBJECTID_1": 94, "STATE_UT": "WEST BENGAL", "STATE_LGD": "19", "DISTRICT": "DAKSHIN DINAJPUR", "DIST_LGD": "331", "REMARKS": null, "Shape_Leng": 409019.00474100001, "Shape_Area": 2149572476.7800002 }, "geometry": { "type": "Polygon", "coordinates": [ [ [ 88.39770843124019, 25.606105405701967, 0.0 ], [ 88.420962829517535, 25.602439778272238, 0.0 ], [ 88.414926818039049, 25.592493975000131, 0.0 ], [ 88.424167065438255, 25.586759229436193, 0.0 ], [ 88.446533856976529, 25.588104196204689, 0.0 ], [ 88.444739377034225, 25.596542424123147, 0.0 ], [ 88.457123425013719, 25.598871735056449, 0.0 ], [ 88.468270758046231, 25.583512222202337, 0.0 ], [ 88.499915422220468, 25.583949292253269, 0.0 ], [ 88.493505219332548, 25.558847088514444, 0.0 ], [ 88.509091503228206, 25.544136471496525, 0.0 ], [ 88.519690502548414, 25.544616891997528, 0.0 ], [ 88.523492000628067, 25.535160623042703, 0.0 ], [ 88.533092251147451, 25.54209917356437, 0.0 ], [ 88.532797018348376, 25.532215197274638, 0.0 ], [ 88.540261010259428, 25.532797854758108, 0.0 ], [ 88.539952812938381, 25.508296083717696, 0.0 ], [ 88.552356230165287, 25.520786866802528, 0.0 ], [ 88.560181925299929, 25.512409137319128, 0.0 ], [ 88.595506726475065, 25.505875881493068, 0.0 ], [ 88.609086896517098, 25.516302177274557, 0.0 ], [ 88.607380134350535, 25.508592806708073, 0.0 ], [ 88.622476561896079, 25.496955332552243, 0.0 ], [ 88.647920025408482, 25.49678623640018, 0.0 ], [ 88.646404996352842, 25.478342670967152, 0.0 ], [ 88.660249314284798, 25.481781244503797, 0.0 ], [ 88.662998230159502, 25.473644230733825, 0.0 ], [ 88.699599890426228, 25.47121093352628, 0.0 ], [ 88.710409545242527, 25.480595409752606, 0.0 ], [ 88.708520808030372, 25.500247732673547, 0.0 ], [ 88.713820792427583, 25.495565247676815, 0.0 ], [ 88.742149754977888, 25.504994634006998, 0.0 ], [ 88.740196997889583, 25.489205108256311, 0.0 ], [ 88.763359128058667, 25.494043865695442, 0.0 ], [ 88.770874924050119, 25.504983254662726, 0.0 ], [ 88.759478697113138, 25.510716297315945, 0.0 ], [ 88.758690055518869, 25.525244491382512, 0.0 ], [ 88.782444242117563, 25.515076995343755, 0.0 ], [ 88.810892902980797, 25.522936106489347, 0.0 ], [ 88.813663887448087, 25.487976002425636, 0.0 ], [ 88.829656984160849, 25.49025474083842, 0.0 ], [ 88.839331216903247, 25.458338518619843, 0.0 ], [ 88.82623844524656, 25.444480833443798, 0.0 ], [ 88.834308089001624, 25.431658619010911, 0.0 ], [ 88.830001284004112, 25.416944580952652, 0.0 ], [ 88.818327252015351, 25.418072740416918, 0.0 ], [ 88.812295034869564, 25.410543570279117, 0.0 ], [ 88.840855945179896, 25.397634092538809, 0.0 ], [ 88.84018487535721, 25.363760364439447, 0.0 ], [ 88.868919990663414, 25.352208615873327, 0.0 ], [ 88.86648093855348, 25.342971913567727, 0.0 ], [ 88.885122536553041, 25.32561572000693, 0.0 ], [ 88.887651824786744, 25.337096766974394, 0.0 ], [ 88.906294704205223, 25.337689830405896, 0.0 ], [ 88.915520979312433, 25.312027546017827, 0.0 ], [ 88.927801612766658, 25.317195578306098, 0.0 ], [ 88.929461441934222, 25.304083301009932, 0.0 ], [ 88.985307507173417, 25.305941796457024, 0.0 ], [ 88.985186791225573, 25.298804688373988, 0.0 ], [ 88.996118634276954, 25.295631934855901, 0.0 ], [ 89.008950751219828, 25.303007192014924, 0.0 ], [ 89.007629418308667, 25.263616556590446, 0.0 ], [ 88.986595261302625, 25.27438655819865, 0.0 ], [ 88.951084705287911, 25.245484056951543, 0.0 ], [ 88.961771246450823, 25.209070535462249, 0.0 ], [ 88.938005332275367, 25.211727342290047, 0.0 ], [ 88.933898125795494, 25.199777607795458, 0.0 ], [ 88.947555745429312, 25.194445664914053, 0.0 ], [ 88.948819338762107, 25.176579016390569, 0.0 ], [ 88.932586858093401, 25.18088296396656, 0.0 ], [ 88.923075630288992, 25.164908858545502, 0.0 ], [ 88.912386170017086, 25.167956562537579, 0.0 ], [ 88.91098289604885, 25.180305543617468, 0.0 ], [ 88.875264461892755, 25.179344147778334, 0.0 ], [ 88.874953569276954, 25.196223699357734, 0.0 ], [ 88.864380248941586, 25.189992384205961, 0.0 ], [ 88.864917324712096, 25.200592783396395, 0.0 ], [ 88.851610029064958, 25.200525991139735, 0.0 ], [ 88.843762886369646, 25.213807084811656, 0.0 ], [ 88.805860404221789, 25.170450625421747, 0.0 ], [ 88.773672702731503, 25.179356173982978, 0.0 ], [ 88.769401152968854, 25.189845138379383, 0.0 ], [ 88.749096171435752, 25.176852356999451, 0.0 ], [ 88.750929094762455, 25.182815236938282, 0.0 ], [ 88.734553262420476, 25.18460633923754, 0.0 ], [ 88.733005417857726, 25.198757882309543, 0.0 ], [ 88.711481490203923, 25.207659745431219, 0.0 ], [ 88.680077338064606, 25.208899976699612, 0.0 ], [ 88.669130972939726, 25.198194011188377, 0.0 ], [ 88.642894708104834, 25.20628302441143, 0.0 ], [ 88.612722055097791, 25.204171398292129, 0.0 ], [ 88.598145292855818, 25.190426547078651, 0.0 ], [ 88.589904612630832, 25.192581911944597, 0.0 ], [ 88.591210793429269, 25.185092570146075, 0.0 ], [ 88.579637453299696, 25.176818320029053, 0.0 ], [ 88.565579231421992, 25.175088119259168, 0.0 ], [ 88.555760102456219, 25.178969934167402, 0.0 ], [ 88.557614438467652, 25.192610973123063, 0.0 ], [ 88.533977460126621, 25.18752021211299, 0.0 ], [ 88.537777689052078, 25.197817623340502, 0.0 ], [ 88.500051467398123, 25.203434794998113, 0.0 ], [ 88.499145051049993, 25.21038594081589, 0.0 ], [ 88.475483656408215, 25.213382842084236, 0.0 ], [ 88.471772427862987, 25.19744269515181, 0.0 ], [ 88.438320987554746, 25.196904212079883, 0.0 ], [ 88.445112549143971, 25.214684992418185, 0.0 ], [ 88.439101245349562, 25.218975624209193, 0.0 ], [ 88.450018874126869, 25.221669790445333, 0.0 ], [ 88.463965661782041, 25.270021745987979, 0.0 ], [ 88.449734911754135, 25.262839328003626, 0.0 ], [ 88.439086372599334, 25.279052510934733, 0.0 ], [ 88.44887924156528, 25.301439962880526, 0.0 ], [ 88.443433976462671, 25.313155352099511, 0.0 ], [ 88.418854433479567, 25.314166436116974, 0.0 ], [ 88.429391862131155, 25.303407154968639, 0.0 ], [ 88.399434691157452, 25.293408250498935, 0.0 ], [ 88.393046327229214, 25.302982431326683, 0.0 ], [ 88.372158099602714, 25.288878420731059, 0.0 ], [ 88.329664446869373, 25.304962031193561, 0.0 ], [ 88.330779967941993, 25.296264642227722, 0.0 ], [ 88.299797242133323, 25.298486056738511, 0.0 ], [ 88.300104765113815, 25.306949159221016, 0.0 ], [ 88.274350492869218, 25.317391566702728, 0.0 ], [ 88.265428087095572, 25.300925036118553, 0.0 ], [ 88.267420647308199, 25.310346348011098, 0.0 ], [ 88.229279777207438, 25.32049944420973, 0.0 ], [ 88.2177235886342, 25.333122492058251, 0.0 ], [ 88.171472950908864, 25.324956272158346, 0.0 ], [ 88.180172699139504, 25.345476551410417, 0.0 ], [ 88.165393528636116, 25.368658299766334, 0.0 ], [ 88.185657974685981, 25.369441366797826, 0.0 ], [ 88.188090867662424, 25.376377725250432, 0.0 ], [ 88.174814379914267, 25.385409727789078, 0.0 ], [ 88.166017226990206, 25.407424909908414, 0.0 ], [ 88.17367352905346, 25.415754540431536, 0.0 ], [ 88.168404801976394, 25.427951693830718, 0.0 ], [ 88.197768338694019, 25.426031100147277, 0.0 ], [ 88.219321084228099, 25.441261178923696, 0.0 ], [ 88.262961259879987, 25.433093174160945, 0.0 ], [ 88.256705393190018, 25.486324735640974, 0.0 ], [ 88.27848153965428, 25.491811228467036, 0.0 ], [ 88.291285763178408, 25.514608659862002, 0.0 ], [ 88.324552053866356, 25.535665824005591, 0.0 ], [ 88.32028019190642, 25.54324687684008, 0.0 ], [ 88.327144255208907, 25.559150159821716, 0.0 ], [ 88.335719495089748, 25.553059660953554, 0.0 ], [ 88.336175159790798, 25.55920704566239, 0.0 ], [ 88.346719023114119, 25.55809024928163, 0.0 ], [ 88.360415990023526, 25.566884495166715, 0.0 ], [ 88.369391366089161, 25.591189979033658, 0.0 ], [ 88.391360436620943, 25.594177234816748, 0.0 ], [ 88.400738658879945, 25.60043159841517, 0.0 ], [ 88.39770843124019, 25.606105405701967, 0.0 ] ] ] } },
{ "type": "Feature", "properties": { "OBJECTID": 95, "OBJECTID_1": 95, "STATE_UT": "WEST BENGAL", "STATE_LGD": "19", "DISTRICT": "UTTAR DINAJPUR", "DIST_LGD": "330", "REMARKS": null, "Shape_Leng": 744493.17827499995, "Shape_Area": 3018031066.6199999 }, "geometry": { "type": "Polygon", "coordinates": [ [ [ 88.312591846535156, 26.499397305698619, 0.0 ], [ 88.335431340710457, 26.497242299103057, 0.0 ], [ 88.331867675682815, 26.48180632316468, 0.0 ], [ 88.340859130442809, 26.478165284737976, 0.0 ], [ 88.354587217564401, 26.447067651742501, 0.0 ], [ 88.366070927237061, 26.470779819449184, 0.0 ], [ 88.360533857291003, 26.484560434893641, 0.0 ], [ 88.371239189311993, 26.48820544500073, 0.0 ], [ 88.388545446596908, 26.478300453739497, 0.0 ], [ 88.405008472652355, 26.485808768349834, 0.0 ], [ 88.419759337063638, 26.465746060288087, 0.0 ], [ 88.427734167419018, 26.473013595953244, 0.0 ], [ 88.485245561656839, 26.460256697000649, 0.0 ], [ 88.478930121609693, 26.45230387331689, 0.0 ], [ 88.496215078716844, 26.437061719955789, 0.0 ], [ 88.489660558489362, 26.430013456514089, 0.0 ], [ 88.498381488697703, 26.425193285903752, 0.0 ], [ 88.494012974179455, 26.418738148518315, 0.0 ], [ 88.502753620643759, 26.417480939089927, 0.0 ], [ 88.495594235837117, 26.409541879630108, 0.0 ], [ 88.50279898047927, 26.403042300529858, 0.0 ], [ 88.508963095111781, 26.407207587228235, 0.0 ], [ 88.505045226325109, 26.398714151867971, 0.0 ], [ 88.512909829047459, 26.387631202861694, 0.0 ], [ 88.519213000057277, 26.390001548690162, 0.0 ], [ 88.512825247742583, 26.377766484449833, 0.0 ], [ 88.517192207057036, 26.370568002589838, 0.0 ], [ 88.52478641939301, 26.374795888462977, 0.0 ], [ 88.515372286680645, 26.365334815396459, 0.0 ], [ 88.523238079354527, 26.360542719924194, 0.0 ], [ 88.50499870225552, 26.34855010757034, 0.0 ], [ 88.50774666289233, 26.362525049842681, 0.0 ], [ 88.488402010653274, 26.360275968234884, 0.0 ], [ 88.491913081229171, 26.351406832872446, 0.0 ], [ 88.482362023744045, 26.349702817822347, 0.0 ], [ 88.458619658969852, 26.362107834271644, 0.0 ], [ 88.457723389406439, 26.376659938329052, 0.0 ], [ 88.435577564729627, 26.335766697143363, 0.0 ], [ 88.412855410957434, 26.337479580585189, 0.0 ], [ 88.404350571120787, 26.329834806685614, 0.0 ], [ 88.415647324495879, 26.324316625676069, 0.0 ], [ 88.414938672164425, 26.314822871182116, 0.0 ], [ 88.384661217412727, 26.313258650544316, 0.0 ], [ 88.349668017645683, 26.28224986443351, 0.0 ], [ 88.34858414827977, 26.250277273763938, 0.0 ], [ 88.359663152194543, 26.242359375060147, 0.0 ], [ 88.350509965281063, 26.220422701547616, 0.0 ], [ 88.331201819646751, 26.217048506718744, 0.0 ], [ 88.319844796012632, 26.20285462301025, 0.0 ], [ 88.285812713060537, 26.200151664187967, 0.0 ], [ 88.269342002222359, 26.186483729102633, 0.0 ], [ 88.241826062602229, 26.18908333819995, 0.0 ], [ 88.226935477486762, 26.168389070305501, 0.0 ], [ 88.214428407257927, 26.170001684326262, 0.0 ], [ 88.216217402148374, 26.163302944227784, 0.0 ], [ 88.205655583798048, 26.159240111344946, 0.0 ], [ 88.196790260915606, 26.163488671298978, 0.0 ], [ 88.195079590161484, 26.152215077709776, 0.0 ], [ 88.177276179376818, 26.148056594997662, 0.0 ], [ 88.178393298297593, 26.123566626068715, 0.0 ], [ 88.16333924845982, 26.107277324418682, 0.0 ], [ 88.158451713655765, 26.095296642468693, 0.0 ], [ 88.165640349277467, 26.088138359857393, 0.0 ], [ 88.158379670104424, 26.079826432206882, 0.0 ], [ 88.168602691720878, 26.083553943433273, 0.0 ], [ 88.183345499673365, 26.072885595214302, 0.0 ], [ 88.179322589747784, 26.046499825065808, 0.0 ], [ 88.169536728511886, 26.045199473236774, 0.0 ], [ 88.171812356889731, 26.032784280157028, 0.0 ], [ 88.183207676346669, 26.026777040877413, 0.0 ], [ 88.139712662064554, 26.012916974940257, 0.0 ], [ 88.143698800133166, 26.000364752368046, 0.0 ], [ 88.129692341383404, 25.996943466433727, 0.0 ], [ 88.12789485692339, 25.976614369762142, 0.0 ], [ 88.119293973599582, 25.971563961975907, 0.0 ], [ 88.124274380573496, 25.966146221168913, 0.0 ], [ 88.115178457708453, 25.962776130378188, 0.0 ], [ 88.122374490684336, 25.948372613107278, 0.0 ], [ 88.112588563448909, 25.943467624883031, 0.0 ], [ 88.111462008986521, 25.933250441749994, 0.0 ], [ 88.094682427668829, 25.93142372110567, 0.0 ], [ 88.085915874469464, 25.915243536125011, 0.0 ], [ 88.094371478341301, 25.908482029092969, 0.0 ], [ 88.090283587539147, 25.896524106070039, 0.0 ], [ 88.103016794474328, 25.889249679993572, 0.0 ], [ 88.094172371838482, 25.873366049444211, 0.0 ], [ 88.102033383545049, 25.871567586478886, 0.0 ], [ 88.102460468768683, 25.861814670812674, 0.0 ], [ 88.110679676329198, 25.867887910057714, 0.0 ], [ 88.113872571177538, 25.8543625370542, 0.0 ], [ 88.101427772676843, 25.844199233322012, 0.0 ], [ 88.108379262699117, 25.838312020175433, 0.0 ], [ 88.10116606551469, 25.828975560301092, 0.0 ], [ 88.111613331361994, 25.821651809294767, 0.0 ], [ 88.107024502699389, 25.815039482630496, 0.0 ], [ 88.120113641776854, 25.812435023806536, 0.0 ], [ 88.114476787654155, 25.7979408449552, 0.0 ], [ 88.144258939837357, 25.793637747083459, 0.0 ], [ 88.141685504109276, 25.780146069222475, 0.0 ], [ 88.151494738974733, 25.775550922321571, 0.0 ], [ 88.159440579279504, 25.787608840890876, 0.0 ], [ 88.173105047824109, 25.786612825629081, 0.0 ], [ 88.183773106172836, 25.80169017654821, 0.0 ], [ 88.209509598222354, 25.786808749021187, 0.0 ], [ 88.215670388616857, 25.801427220620674, 0.0 ], [ 88.231015228540457, 25.796749873782034, 0.0 ], [ 88.23614903313279, 25.809386515911658, 0.0 ], [ 88.246917576492606, 25.805969421551314, 0.0 ], [ 88.248640215186214, 25.813403134074075, 0.0 ], [ 88.259655908025607, 25.813826504606819, 0.0 ], [ 88.270898642497954, 25.805094399708448, 0.0 ], [ 88.266506629944217, 25.782448742147523, 0.0 ], [ 88.317169151484819, 25.752522164569093, 0.0 ], [ 88.320949961651209, 25.737472172606275, 0.0 ], [ 88.337587909799439, 25.737622982697054, 0.0 ], [ 88.374251894156259, 25.717066194759337, 0.0 ], [ 88.371491683547518, 25.696539013756105, 0.0 ], [ 88.391507092053359, 25.693518570490621, 0.0 ], [ 88.39019233070907, 25.684007805510092, 0.0 ], [ 88.405183398132493, 25.684220000775912, 0.0 ], [ 88.40168556558173, 25.672561589477759, 0.0 ], [ 88.453815394452107, 25.66493750781412, 0.0 ], [ 88.455805122087185, 25.628580787289241, 0.0 ], [ 88.445044169122497, 25.615078303083308, 0.0 ], [ 88.446533856976529, 25.588104196204689, 0.0 ], [ 88.424167065438255, 25.586759229436193, 0.0 ], [ 88.414926818039049, 25.592493975000131, 0.0 ], [ 88.420505024471126, 25.603031176821567, 0.0 ], [ 88.398265985069258, 25.60625428292623, 0.0 ], [ 88.400738658879945, 25.60043159841517, 0.0 ], [ 88.391360436620943, 25.594177234816748, 0.0 ], [ 88.369391366089161, 25.591189979033658, 0.0 ], [ 88.359828838397135, 25.566324840479766, 0.0 ], [ 88.336175159790798, 25.55920704566239, 0.0 ], [ 88.335719495089748, 25.553059660953554, 0.0 ], [ 88.327144255208907, 25.559150159821716, 0.0 ], [ 88.32028019190642, 25.54324687684008, 0.0 ], [ 88.324552053866356, 25.535665824005591, 0.0 ], [ 88.291285763178408, 25.514608659862002, 0.0 ], [ 88.27848153965428, 25.491811228467036, 0.0 ], [ 88.256169221115286, 25.485493864060725, 0.0 ], [ 88.264320140711064, 25.463284979218582, 0.0 ], [ 88.262961259879987, 25.433093174160945, 0.0 ], [ 88.219321084228099, 25.441261178923696, 0.0 ], [ 88.197768338694019, 25.426031100147277, 0.0 ], [ 88.168404801976394, 25.427951693830718, 0.0 ], [ 88.17367352905346, 25.415754540431536, 0.0 ], [ 88.166017226990206, 25.407424909908414, 0.0 ], [ 88.174814379914267, 25.385409727789078, 0.0 ], [ 88.188090867662424, 25.376377725250432, 0.0 ], [ 88.185657974685981, 25.369441366797826, 0.0 ], [ 88.165393528636116, 25.368658299766334, 0.0 ], [ 88.180172699139504, 25.345476551410417, 0.0 ], [ 88.169755403930736, 25.327001462256593, 0.0 ], [ 88.218647210140247, 25.332936885585866, 0.0 ], [ 88.229279777207438, 25.32049944420973, 0.0 ], [ 88.267420647308199, 25.310346348011098, 0.0 ], [ 88.264185593117233, 25.302205937974467, 0.0 ], [ 88.270447094169398, 25.301853972663537, 0.0 ], [ 88.23518134549613, 25.295047664799753, 0.0 ], [ 88.238412121965865, 25.304325164252329, 0.0 ], [ 88.215141493347673, 25.31336815947245, 0.0 ], [ 88.189938258041224, 25.279827244636355, 0.0 ], [ 88.161216946364519, 25.304142499990377, 0.0 ], [ 88.144562276697116, 25.296418169941795, 0.0 ], [ 88.139535657041478, 25.276879386632412, 0.0 ], [ 88.149139868204372, 25.26944433865987, 0.0 ], [ 88.126400436849323, 25.244700840482576, 0.0 ], [ 88.121337244493617, 25.271522273064583, 0.0 ], [ 88.09961926960618, 25.275063065897111, 0.0 ], [ 88.106997922622227, 25.293366839454748, 0.0 ], [ 88.126340935800471, 25.297466477804814, 0.0 ], [ 88.108139919229217, 25.326045363618615, 0.0 ], [ 88.119983340801781, 25.341618086340112, 0.0 ], [ 88.114916661017574, 25.348374624187795, 0.0 ], [ 88.121904597525798, 25.366456324384785, 0.0 ], [ 88.098959854854655, 25.38140714869585, 0.0 ], [ 88.11447366231755, 25.407926184392846, 0.0 ], [ 88.102179807913686, 25.404634330216201, 0.0 ], [ 88.109970089106653, 25.417052161176134, 0.0 ], [ 88.093901463769441, 25.420881427733811, 0.0 ], [ 88.112815658660026, 25.436045301960185, 0.0 ], [ 88.100638464035768, 25.431886679735669, 0.0 ], [ 88.080111816851229, 25.454097090957617, 0.0 ], [ 88.071391708227196, 25.495866665304543, 0.0 ], [ 88.076534945068715, 25.508096164032018, 0.0 ], [ 88.066546781787054, 25.510394216415492, 0.0 ], [ 88.071129366047899, 25.517446042122909, 0.0 ], [ 88.057839349883054, 25.534040866494372, 0.0 ], [ 88.037275721028152, 25.538322165456808, 0.0 ], [ 88.038334654925848, 25.552991461420259, 0.0 ], [ 88.02582143972738, 25.558855295949343, 0.0 ], [ 88.038511749902014, 25.569397831947086, 0.0 ], [ 88.025536704798384, 25.572070408571673, 0.0 ], [ 88.028813659964115, 25.581099447413354, 0.0 ], [ 88.020264883622389, 25.591149431401231, 0.0 ], [ 88.029685307760076, 25.592613723666503, 0.0 ], [ 88.024212390007705, 25.602038538212412, 0.0 ], [ 88.03982260391453, 25.6010601767635, 0.0 ], [ 88.030078274981747, 25.60530119941961, 0.0 ], [ 88.043231899697943, 25.608649125871807, 0.0 ], [ 88.035076656199067, 25.623944676267275, 0.0 ], [ 88.054957757364605, 25.636805396345668, 0.0 ], [ 88.036800934653698, 25.641642688217281, 0.0 ], [ 88.048165285451105, 25.646221258401059, 0.0 ], [ 88.051548136021466, 25.691171599636309, 0.0 ], [ 88.042788579130459, 25.701985316168187, 0.0 ], [ 88.019658841715895, 25.696269903875347, 0.0 ], [ 88.021066784850206, 25.709689006953127, 0.0 ], [ 87.98961820209874, 25.726190544003529, 0.0 ], [ 87.983120247063226, 25.71995803508737, 0.0 ], [ 87.965701064967774, 25.725620452845831, 0.0 ], [ 87.961365476840442, 25.738662018113295, 0.0 ], [ 87.946260911776136, 25.746238903053559, 0.0 ], [ 87.937972622995133, 25.773932151368225, 0.0 ], [ 87.904171133872296, 25.771130678050081, 0.0 ], [ 87.901635538577565, 25.802250260830853, 0.0 ], [ 87.907967901979518, 25.803422551032114, 0.0 ], [ 87.899457755853078, 25.807486036382027, 0.0 ], [ 87.915884792544915, 25.81639623720676, 0.0 ], [ 87.899112054762483, 25.824613956874867, 0.0 ], [ 87.902539218715333, 25.830516795115276, 0.0 ], [ 87.888037047331238, 25.83066304275285, 0.0 ], [ 87.902854183599572, 25.833946811409092, 0.0 ], [ 87.896730649173747, 25.837937437289028, 0.0 ], [ 87.904206309875434, 25.836451363971797, 0.0 ], [ 87.91469022497067, 25.853946860513609, 0.0 ], [ 87.89211099124239, 25.865744172084142, 0.0 ], [ 87.882712377834252, 25.859363140136526, 0.0 ], [ 87.87437188610086, 25.86821826201615, 0.0 ], [ 87.829827786468542, 25.870648009886061, 0.0 ], [ 87.822339582013001, 25.881946518356791, 0.0 ], [ 87.82258026996935, 25.91212639697779, 0.0 ], [ 87.808028188625826, 25.912160984044693, 0.0 ], [ 87.812995805286633, 25.917642304785041, 0.0 ], [ 87.807374150468803, 25.929852350095878, 0.0 ], [ 87.819585653249916, 25.933942156803727, 0.0 ], [ 87.83310944018622, 25.927908112546266, 0.0 ], [ 87.838433840141064, 25.931493138455206, 0.0 ], [ 87.833696925276215, 25.945848255098614, 0.0 ], [ 87.836677253260333, 25.960119775893922, 0.0 ], [ 87.846571607629798, 25.96334460156238, 0.0 ], [ 87.845125502797757, 25.99412409617122, 0.0 ], [ 87.855925104247063, 26.035976305380068, 0.0 ], [ 87.889237590779274, 26.048595809704317, 0.0 ], [ 87.892401971210546, 26.06115559267819, 0.0 ], [ 87.928048425969664, 26.083067347355833, 0.0 ], [ 87.934915518350152, 26.063680945380995, 0.0 ], [ 87.945502103468343, 26.060760797194057, 0.0 ], [ 87.954519506463868, 26.065670969237416, 0.0 ], [ 87.948550588924604, 26.069600507129095, 0.0 ], [ 87.952912508594522, 26.076467197256562, 0.0 ], [ 87.985621621306265, 26.077660176527701, 0.0 ], [ 87.963605471434093, 26.094626262674115, 0.0 ], [ 87.986803250792434, 26.101407167547343, 0.0 ], [ 87.983757370454114, 26.115711404596059, 0.0 ], [ 87.969271490353634, 26.117621506994968, 0.0 ], [ 87.981396999206694, 26.126057111275113, 0.0 ], [ 87.974902192944398, 26.143373814467473, 0.0 ], [ 87.985882046559126, 26.142679958299244, 0.0 ], [ 87.9920707408005, 26.150960416712373, 0.0 ], [ 87.999879416939464, 26.138395770425522, 0.0 ], [ 88.014154111796827, 26.149306631293104, 0.0 ], [ 88.00998153883917, 26.161538196560517, 0.0 ], [ 88.019675062034864, 26.159821672447897, 0.0 ], [ 88.037234048709166, 26.178707170307277, 0.0 ], [ 88.059071395627399, 26.170500765779988, 0.0 ], [ 88.071848261877847, 26.174202393055413, 0.0 ], [ 88.114416430640304, 26.223724623733862, 0.0 ], [ 88.139815426813286, 26.227195002116513, 0.0 ], [ 88.136739411396505, 26.241221628559686, 0.0 ], [ 88.14439787907277, 26.252241173919245, 0.0 ], [ 88.174194146239032, 26.255789365271692, 0.0 ], [ 88.183176927210909, 26.273675557856901, 0.0 ], [ 88.210631766472204, 26.27779141099731, 0.0 ], [ 88.226932517026427, 26.290900128780844, 0.0 ], [ 88.22943305706707, 26.310367294922226, 0.0 ], [ 88.236201711384098, 26.303633392177005, 0.0 ], [ 88.257780739920349, 26.33551677585065, 0.0 ], [ 88.270880869439338, 26.337533184214539, 0.0 ], [ 88.269785360179242, 26.327867041370428, 0.0 ], [ 88.279868120474191, 26.331961156510697, 0.0 ], [ 88.278908571424367, 26.349393877957702, 0.0 ], [ 88.293795809579493, 26.351729724101158, 0.0 ], [ 88.29018800452117, 26.359969454376529, 0.0 ], [ 88.279806045305435, 26.35968351866418, 0.0 ], [ 88.276515235084119, 26.379252344917248, 0.0 ], [ 88.240467822687322, 26.375200749958971, 0.0 ], [ 88.22703786620977, 26.389467161805257, 0.0 ], [ 88.252416750405956, 26.416051654291394, 0.0 ], [ 88.269517976166767, 26.420106640999776, 0.0 ], [ 88.238984379256848, 26.452178322109855, 0.0 ], [ 88.257081398581505, 26.468602167866059, 0.0 ], [ 88.262653136935839, 26.488066161316279, 0.0 ], [ 88.303596323699779, 26.487745405741219, 0.0 ], [ 88.312591846535156, 26.499397305698619, 0.0 ] ] ] } },
{ "type": "Feature", "properties": { "OBJECTID": 96, "OBJECTID_1": 96, "STATE_UT": "WEST BENGAL", "STATE_LGD": "19", "DISTRICT": "DARJILING", "DIST_LGD": "327", "REMARKS": null, "Shape_Leng": 341642.32008400001, "Shape_Area": 1976394917.8900001 }, "geometry": { "type": "Polygon", "coordinates": [ [ [ 88.034936823103976, 27.220983094272224, 0.0 ], [ 88.064498544424069, 27.214402146712192, 0.0 ], [ 88.079166136441174, 27.201087298689064, 0.0 ], [ 88.07272328282626, 27.18720031922664, 0.0 ], [ 88.087102115095931, 27.164218885857867, 0.0 ], [ 88.088849620830331, 27.143263658798706, 0.0 ], [ 88.136633604458154, 27.114645839923529, 0.0 ], [ 88.156349308735628, 27.110004182868199, 0.0 ], [ 88.175867376061959, 27.129808346616457, 0.0 ], [ 88.194626792199273, 27.134849881360008, 0.0 ], [ 88.215701435603833, 27.131656763806102, 0.0 ], [ 88.230023250739251, 27.118980502321634, 0.0 ], [ 88.279006133370146, 27.131870595706285, 0.0 ], [ 88.30229352830635, 27.129290169310853, 0.0 ], [ 88.322850715112992, 27.117639363716922, 0.0 ], [ 88.32154083207854, 27.104746730883672, 0.0 ], [ 88.34139051051946, 27.110122857392245, 0.0 ], [ 88.358748903665187, 27.096011168252666, 0.0 ], [ 88.387371430985624, 27.094942361226764, 0.0 ], [ 88.432946590001251, 27.079259570144373, 0.0 ], [ 88.416591179204218, 27.059437386569623, 0.0 ], [ 88.414976326997419, 27.024389311904798, 0.0 ], [ 88.423293640492929, 27.008597438750733, 0.0 ], [ 88.41468409522507, 27.009597355682619, 0.0 ], [ 88.391481204480755, 26.987902439723243, 0.0 ], [ 88.418714440918791, 26.982770655821966, 0.0 ], [ 88.422975148496178, 26.957232878212164, 0.0 ], [ 88.439846082891421, 26.959780361359613, 0.0 ], [ 88.442013996516451, 26.938168778366474, 0.0 ], [ 88.47385282687992, 26.913150683771036, 0.0 ], [ 88.479812366893071, 26.868625226393103, 0.0 ], [ 88.512469723235782, 26.838814053781523, 0.0 ], [ 88.484749761536605, 26.854072884350114, 0.0 ], [ 88.44117584919988, 26.83716377763087, 0.0 ], [ 88.430015612192278, 26.820223526411432, 0.0 ], [ 88.43581976988699, 26.810740148059168, 0.0 ], [ 88.428780029831216, 26.812958586819335, 0.0 ], [ 88.434885743717786, 26.803578992890191, 0.0 ], [ 88.42980396020053, 26.798030405286237, 0.0 ], [ 88.44214182995168, 26.785281432913404, 0.0 ], [ 88.43160979286003, 26.778417667642589, 0.0 ], [ 88.437852582882087, 26.775260734940986, 0.0 ], [ 88.435712019722587, 26.758244422189662, 0.0 ], [ 88.422972417755105, 26.75449913197254, 0.0 ], [ 88.421579189337621, 26.727081702708613, 0.0 ], [ 88.435338516394225, 26.726119943407717, 0.0 ], [ 88.449240142825246, 26.704420854334657, 0.0 ], [ 88.437647408862986, 26.692742998960764, 0.0 ], [ 88.409776271488951, 26.6995033178273, 0.0 ], [ 88.39021432807138, 26.679840138477449, 0.0 ], [ 88.400420337878529, 26.672424341062669, 0.0 ], [ 88.399741246639053, 26.642852450369066, 0.0 ], [ 88.409522590278044, 26.632649586049698, 0.0 ], [ 88.387132962431949, 26.612449742469074, 0.0 ], [ 88.398417942638631, 26.603512006655105, 0.0 ], [ 88.376039243089366, 26.594695565075792, 0.0 ], [ 88.370835974253566, 26.560288814753797, 0.0 ], [ 88.357428616198334, 26.542592721154286, 0.0 ], [ 88.349479318071459, 26.509107565634373, 0.0 ], [ 88.335431340710457, 26.497242299103057, 0.0 ], [ 88.311503747500211, 26.498904913953005, 0.0 ], [ 88.303596323699779, 26.487745405741219, 0.0 ], [ 88.262653136935839, 26.488066161316279, 0.0 ], [ 88.257081398581505, 26.468602167866059, 0.0 ], [ 88.237219062985844, 26.451547845541814, 0.0 ], [ 88.209823112034869, 26.469225301317461, 0.0 ], [ 88.221167281600358, 26.471528845860565, 0.0 ], [ 88.223828951164805, 26.482389508027183, 0.0 ], [ 88.211964286372364, 26.482897983094126, 0.0 ], [ 88.210733584364803, 26.47309233084901, 0.0 ], [ 88.195766715278182, 26.47513113746756, 0.0 ], [ 88.178616440483808, 26.495667471166712, 0.0 ], [ 88.193407128676085, 26.513508634437418, 0.0 ], [ 88.203163309262919, 26.513133717455759, 0.0 ], [ 88.20415200975394, 26.521287863085089, 0.0 ], [ 88.22968332005162, 26.535044710210823, 0.0 ], [ 88.225487561328961, 26.556745242385809, 0.0 ], [ 88.210953284954385, 26.560919986699648, 0.0 ], [ 88.208215707023413, 26.550059224781613, 0.0 ], [ 88.216238078209187, 26.548691591575668, 0.0 ], [ 88.205245762277102, 26.543494772867529, 0.0 ], [ 88.211610290232386, 26.539944012679985, 0.0 ], [ 88.179392906041144, 26.548254210884384, 0.0 ], [ 88.176231210411871, 26.535371343180685, 0.0 ], [ 88.167858215846024, 26.540757399991111, 0.0 ], [ 88.130052945340097, 26.516024526929062, 0.0 ], [ 88.103492506512922, 26.538523702924348, 0.0 ], [ 88.11156082573747, 26.545115385329275, 0.0 ], [ 88.105461418057288, 26.561054020418524, 0.0 ], [ 88.113506191575283, 26.558688499023898, 0.0 ], [ 88.11257806349181, 26.571809061374559, 0.0 ], [ 88.130380233232358, 26.573834181054519, 0.0 ], [ 88.129914561754859, 26.601301527203837, 0.0 ], [ 88.139213039379896, 26.606747238671652, 0.0 ], [ 88.142098475432718, 26.625754654277138, 0.0 ], [ 88.160299400324291, 26.636439053888136, 0.0 ], [ 88.167083608784679, 26.699295806436361, 0.0 ], [ 88.181720957769997, 26.719754599145467, 0.0 ], [ 88.18785161526435, 26.771805897594213, 0.0 ], [ 88.167760251967621, 26.837505703809192, 0.0 ], [ 88.173966332187945, 26.865316832120275, 0.0 ], [ 88.136357614560907, 26.898520143149273, 0.0 ], [ 88.144703906729163, 26.922477956960673, 0.0 ], [ 88.120134739546117, 26.950707714213515, 0.0 ], [ 88.134404089763464, 26.98623990625709, 0.0 ], [ 88.116747117858054, 26.987785005915764, 0.0 ], [ 88.092142842014212, 27.004695576015621, 0.0 ], [ 88.077686014064255, 27.035422151096402, 0.0 ], [ 88.059472242014238, 27.029419047496869, 0.0 ], [ 88.037845216335043, 27.036322954407858, 0.0 ], [ 88.016076194853682, 27.073682224377453, 0.0 ], [ 88.021021234808657, 27.087829109742692, 0.0 ], [ 88.002586267306199, 27.104593065706421, 0.0 ], [ 87.990883525273489, 27.105608557834451, 0.0 ], [ 87.991260011942572, 27.130710545413049, 0.0 ], [ 88.007302547716662, 27.14316087879023, 0.0 ], [ 88.011439668986327, 27.166237959720625, 0.0 ], [ 88.019222240145723, 27.17105101403456, 0.0 ], [ 88.012437454780681, 27.17787036896911, 0.0 ], [ 88.01425664034204, 27.212914407036784, 0.0 ], [ 88.034936823103976, 27.220983094272224, 0.0 ] ] ] } },
{ "type": "Feature", "properties": { "OBJECTID": 97, "OBJECTID_1": 97, "STATE_UT": "WEST BENGAL", "STATE_LGD": "19", "DISTRICT": "ALIPURDUAR", "DIST_LGD": "675", "REMARKS": null, "Shape_Leng": 346713.92965900002, "Shape_Area": 2697349639.25 }, "geometry": { "type": "Polygon", "coordinates": [ [ [ 89.389760468640432, 26.841882880448413, 0.0 ], [ 89.439096885389134, 26.840564547195662, 0.0 ], [ 89.450350213197382, 26.830809991303781, 0.0 ], [ 89.450067302038718, 26.817986627780112, 0.0 ], [ 89.469526331986117, 26.802692963710633, 0.0 ], [ 89.494634738853364, 26.803170175265542, 0.0 ], [ 89.512218315762354, 26.814319375416861, 0.0 ], [ 89.560169424593141, 26.812860154747483, 0.0 ], [ 89.565900989044209, 26.799353426592152, 0.0 ], [ 89.613960507114527, 26.786045856036822, 0.0 ], [ 89.620915455856021, 26.777506345578217, 0.0 ], [ 89.631823289656708, 26.783055425612517, 0.0 ], [ 89.649868913419283, 26.776738559181261, 0.0 ], [ 89.653267815889237, 26.76688062475402, 0.0 ], [ 89.64388771891052, 26.760340642778715, 0.0 ], [ 89.643522401708609, 26.748541214946375, 0.0 ], [ 89.617448495671184, 26.72930689423935, 0.0 ], [ 89.623779050694623, 26.718448907761996, 0.0 ], [ 89.635132852093534, 26.725007253879404, 0.0 ], [ 89.657874190105915, 26.718652948569378, 0.0 ], [ 89.67175549726818, 26.73980958638516, 0.0 ], [ 89.689900365765155, 26.733067806167316, 0.0 ], [ 89.700274983562778, 26.737343477616466, 0.0 ], [ 89.724083878972863, 26.722288383686511, 0.0 ], [ 89.752804682002477, 26.735313000616209, 0.0 ], [ 89.758678031844013, 26.728829038560132, 0.0 ], [ 89.754843614947816, 26.717487456584816, 0.0 ], [ 89.771371670172513, 26.701004269463979, 0.0 ], [ 89.812348507183145, 26.710629560089295, 0.0 ], [ 89.863334029860752, 26.700847334347518, 0.0 ], [ 89.87457843625937, 26.683619830461193, 0.0 ], [ 89.870128857658102, 26.657829417667962, 0.0 ], [ 89.876934268069363, 26.648506215681799, 0.0 ], [ 89.85825113236929, 26.623377996696995, 0.0 ], [ 89.878421553582641, 26.615533794785318, 0.0 ], [ 89.87377486506287, 26.591335603962136, 0.0 ], [ 89.882602189701998, 26.583393107186893, 0.0 ], [ 89.864487458403673, 26.573243306936128, 0.0 ], [ 89.8658574156714, 26.532281285374445, 0.0 ], [ 89.856100464485664, 26.518428097391588, 0.0 ], [ 89.855183518271517, 26.488514794727102, 0.0 ], [ 89.87394326921634, 26.46179298786301, 0.0 ], [ 89.849907970896396, 26.422111665210618, 0.0 ], [ 89.858019414190295, 26.41132586776088, 0.0 ], [ 89.835838775829203, 26.411392185640924, 0.0 ], [ 89.829572443388912, 26.422352895731272, 0.0 ], [ 89.836777023476557, 26.431064911739576, 0.0 ], [ 89.822806770400561, 26.431380805661714, 0.0 ], [ 89.825058419655647, 26.440624025579186, 0.0 ], [ 89.833490078164729, 26.441263071442002, 0.0 ], [ 89.829802903859886, 26.44771985941918, 0.0 ], [ 89.853897482315901, 26.444485397355667, 0.0 ], [ 89.85292268435326, 26.455460626385786, 0.0 ], [ 89.861907300700238, 26.454739719106755, 0.0 ], [ 89.864132300316015, 26.464221438638148, 0.0 ], [ 89.849294334260449, 26.470501332679913, 0.0 ], [ 89.825822276927951, 26.47086050285343, 0.0 ], [ 89.831559961431324, 26.467450732230539, 0.0 ], [ 89.827762596064773, 26.459394038124984, 0.0 ], [ 89.748785614908456, 26.463248991154792, 0.0 ], [ 89.74715845512624, 26.438670464548849, 0.0 ], [ 89.727794101859942, 26.444222832707503, 0.0 ], [ 89.699234733584262, 26.421319333891326, 0.0 ], [ 89.660640581086923, 26.436844656633507, 0.0 ], [ 89.650024608633927, 26.418393583911865, 0.0 ], [ 89.624272671078018, 26.419848725930684, 0.0 ], [ 89.627881188486967, 26.408083547680317, 0.0 ], [ 89.618846127691967, 26.395334385642279, 0.0 ], [ 89.584011813458687, 26.429838546854228, 0.0 ], [ 89.563661858849443, 26.42794015180462, 0.0 ], [ 89.571851786604427, 26.418317535338844, 0.0 ], [ 89.555126555914086, 26.410096722195792, 0.0 ], [ 89.558426699287736, 26.414520936563541, 0.0 ], [ 89.549078302076609, 26.416465755410073, 0.0 ], [ 89.557280108669971, 26.421077621602606, 0.0 ], [ 89.550259376445226, 26.426742212243788, 0.0 ], [ 89.558833832112654, 26.429770191566611, 0.0 ], [ 89.549325067599113, 26.444793293902574, 0.0 ], [ 89.538321116731737, 26.444886228371907, 0.0 ], [ 89.542060122380036, 26.459794525627601, 0.0 ], [ 89.52761601948022, 26.476487364903832, 0.0 ], [ 89.520630224757369, 26.471545321643458, 0.0 ], [ 89.514114077843658, 26.474202852468725, 0.0 ], [ 89.513906408251643, 26.47635539318, 0.0 ], [ 89.511789012337076, 26.477621835663832, 0.0 ], [ 89.504963560664137, 26.468540816445859, 0.0 ], [ 89.494733938094967, 26.472773586210607, 0.0 ], [ 89.495504758527559, 26.481130744798666, 0.0 ], [ 89.454971855398199, 26.490626877046751, 0.0 ], [ 89.452389995343879, 26.476850482392486, 0.0 ], [ 89.439117368794513, 26.469338520976549, 0.0 ], [ 89.411990953735099, 26.47156825621191, 0.0 ], [ 89.394349383866299, 26.46430582682806, 0.0 ], [ 89.356889177772842, 26.496554524592099, 0.0 ], [ 89.34358596174404, 26.486858491213351, 0.0 ], [ 89.325759116935785, 26.494841066045595, 0.0 ], [ 89.304757934708633, 26.481668149865193, 0.0 ], [ 89.244691456280052, 26.491219175450219, 0.0 ], [ 89.23136726806824, 26.501901797488426, 0.0 ], [ 89.19154566575645, 26.510067455148572, 0.0 ], [ 89.180534191689759, 26.501020284395018, 0.0 ], [ 89.122090270142337, 26.52320833782478, 0.0 ], [ 89.118203127360744, 26.540368398359078, 0.0 ], [ 89.11532307735547, 26.534425764686475, 0.0 ], [ 89.108717335277944, 26.538673394411102, 0.0 ], [ 89.113119384078431, 26.547769845942799, 0.0 ], [ 89.104149974193035, 26.556375814039807, 0.0 ], [ 89.111110525073272, 26.560556842499313, 0.0 ], [ 89.098837126623877, 26.566221677958822, 0.0 ], [ 89.10943050815581, 26.591088900482557, 0.0 ], [ 89.103079719848523, 26.585232145696292, 0.0 ], [ 89.10512509006476, 26.592053212360792, 0.0 ], [ 89.091642024299489, 26.596633989813228, 0.0 ], [ 89.072569613695691, 26.593032808905008, 0.0 ], [ 89.060412092036259, 26.611667663239647, 0.0 ], [ 89.049992435802451, 26.609501525613364, 0.0 ], [ 89.053613883450325, 26.621319745052624, 0.0 ], [ 89.04498588785485, 26.636462873428734, 0.0 ], [ 89.06418310371626, 26.671430018970842, 0.0 ], [ 89.075746359670489, 26.730432767451386, 0.0 ], [ 89.082140995796436, 26.729114722704143, 0.0 ], [ 89.074420807131872, 26.760365419087183, 0.0 ], [ 89.098168218230967, 26.807382080359819, 0.0 ], [ 89.099940122537845, 26.817781906375831, 0.0 ], [ 89.091719474199564, 26.825974589438466, 0.0 ], [ 89.100038369940819, 26.84187798840178, 0.0 ], [ 89.134483491062227, 26.807638883292011, 0.0 ], [ 89.176295377316151, 26.819140585625654, 0.0 ], [ 89.193514726618673, 26.810782582949777, 0.0 ], [ 89.22898374016988, 26.818280291045404, 0.0 ], [ 89.262395261800179, 26.813777934070163, 0.0 ], [ 89.273077075356653, 26.827365455183035, 0.0 ], [ 89.318495326727742, 26.851319989879464, 0.0 ], [ 89.326809785856454, 26.843229552292932, 0.0 ], [ 89.378981770007158, 26.862178266802555, 0.0 ], [ 89.389760468640432, 26.841882880448413, 0.0 ] ] ] } },
{ "type": "Feature", "properties": { "OBJECTID": 98, "OBJECTID_1": 98, "STATE_UT": "WEST BENGAL", "STATE_LGD": "19", "DISTRICT": "MURSHIDABAD", "DIST_LGD": "333", "REMARKS": null, "Shape_Leng": 587535.91600600001, "Shape_Area": 5144827345.9200001 }, "geometry": { "type": "Polygon", "coordinates": [ [ [ 87.891327842183912, 24.856035716212812, 0.0 ], [ 87.966987401362388, 24.769802917884139, 0.0 ], [ 87.968436005284062, 24.731437107839113, 0.0 ], [ 87.956917391588064, 24.696571624253686, 0.0 ], [ 87.968720622999143, 24.676213124254541, 0.0 ], [ 87.997443847453496, 24.655435337223089, 0.0 ], [ 88.008788399390696, 24.667878028861164, 0.0 ], [ 88.041175805272729, 24.643314236050475, 0.0 ], [ 88.105617710580262, 24.54624139642512, 0.0 ], [ 88.149533949394694, 24.503792860789659, 0.0 ], [ 88.173549313431508, 24.493046380713199, 0.0 ], [ 88.198401391164268, 24.462495466430525, 0.0 ], [ 88.263282997238832, 24.445967931876513, 0.0 ], [ 88.345288702711485, 24.376547314595353, 0.0 ], [ 88.389337309772216, 24.371879450688539, 0.0 ], [ 88.430338328658991, 24.383727064291733, 0.0 ], [ 88.507903446169621, 24.342484106146465, 0.0 ], [ 88.52711916944402, 24.34437871713973, 0.0 ], [ 88.555134886873205, 24.293341349233071, 0.0 ], [ 88.567688189999032, 24.326653648755009, 0.0 ], [ 88.587189440940605, 24.324054923283938, 0.0 ], [ 88.587886065128302, 24.314345688345018, 0.0 ], [ 88.603317790719046, 24.310095352999671, 0.0 ], [ 88.623563409201168, 24.315675109128787, 0.0 ], [ 88.628488386066167, 24.305093365987808, 0.0 ], [ 88.696587579234247, 24.315353359687442, 0.0 ], [ 88.729288072525151, 24.289788480035348, 0.0 ], [ 88.740962383385792, 24.253918649165822, 0.0 ], [ 88.73157720535302, 24.171585789385258, 0.0 ], [ 88.746490695410074, 24.147064666829806, 0.0 ], [ 88.707003909736713, 24.1191417463696, 0.0 ], [ 88.69748072590744, 24.120532414903831, 0.0 ], [ 88.693190251530453, 24.111152898947278, 0.0 ], [ 88.700847897255173, 24.10814292275532, 0.0 ], [ 88.700306170132734, 24.094608367171823, 0.0 ], [ 88.667421223121451, 24.083778313030678, 0.0 ], [ 88.680640594949026, 24.077223922963313, 0.0 ], [ 88.651044397406253, 24.06953916575026, 0.0 ], [ 88.630668689625779, 24.029376972863613, 0.0 ], [ 88.647132816458381, 24.020757794563931, 0.0 ], [ 88.649892960876144, 24.010220896935849, 0.0 ], [ 88.628716654082055, 23.984977160848661, 0.0 ], [ 88.611303568123517, 23.985129942902393, 0.0 ], [ 88.594677524316765, 24.001614948619142, 0.0 ], [ 88.583749651684386, 24.028666832565889, 0.0 ], [ 88.553505410437793, 24.040979644712845, 0.0 ], [ 88.542459080742447, 23.997427370808733, 0.0 ], [ 88.511939151879531, 23.99190006680961, 0.0 ], [ 88.523277805050171, 23.951256115659085, 0.0 ], [ 88.5119160880854, 23.956850485836629, 0.0 ], [ 88.50732521748931, 23.949118344160496, 0.0 ], [ 88.497809042198611, 23.950713291072748, 0.0 ], [ 88.490066719778028, 23.936213823006959, 0.0 ], [ 88.465314266188443, 23.938559627329322, 0.0 ], [ 88.457252614290695, 23.927973234512503, 0.0 ], [ 88.461300483081146, 23.922048149132472, 0.0 ], [ 88.497385951043611, 23.910959236055664, 0.0 ], [ 88.510855570296243, 23.895589214254226, 0.0 ], [ 88.503942304480773, 23.885137468401506, 0.0 ], [ 88.48286405432809, 23.9033496095341, 0.0 ], [ 88.462952915332508, 23.888635988582433, 0.0 ], [ 88.47645943850091, 23.862909100405446, 0.0 ], [ 88.476619471058797, 23.821949372073021, 0.0 ], [ 88.448919582592296, 23.824511013450504, 0.0 ], [ 88.457734693531165, 23.842866924582435, 0.0 ], [ 88.448235326437441, 23.856311194166615, 0.0 ], [ 88.418580755212034, 23.803963323707944, 0.0 ], [ 88.409263874927035, 23.80630413139783, 0.0 ], [ 88.407741587220698, 23.821825204325574, 0.0 ], [ 88.387734914389753, 23.82209879403246, 0.0 ], [ 88.377621029820048, 23.813770061139216, 0.0 ], [ 88.351939951385418, 23.830521253533451, 0.0 ], [ 88.33455016766419, 23.808000617331373, 0.0 ], [ 88.297472870299529, 23.811465427402368, 0.0 ], [ 88.293954111252106, 23.804484263458551, 0.0 ], [ 88.269184324473414, 23.812288109675883, 0.0 ], [ 88.257696549018817, 23.802397507443054, 0.0 ], [ 88.235366365505101, 23.802058108780333, 0.0 ], [ 88.241356947959801, 23.767267378264169, 0.0 ], [ 88.231551370078137, 23.759678436579478, 0.0 ], [ 88.187321977675865, 23.770365485249101, 0.0 ], [ 88.162012764259998, 23.755290581865736, 0.0 ], [ 88.155534893631, 23.736607360933156, 0.0 ], [ 88.144688676105417, 23.733164639624437, 0.0 ], [ 88.132415319626588, 23.733806205315936, 0.0 ], [ 88.123176353579538, 23.751789113584024, 0.0 ], [ 88.094145642966325, 23.752661212286682, 0.0 ], [ 88.084157734465407, 23.725041412534242, 0.0 ], [ 88.060291485350248, 23.722334749827734, 0.0 ], [ 88.039922960717192, 23.745670308730435, 0.0 ], [ 88.036025816509635, 23.762120486022262, 0.0 ], [ 88.040629937910069, 23.773469289683483, 0.0 ], [ 88.05832885242026, 23.772278769418978, 0.0 ], [ 88.059682504253715, 23.781287438139117, 0.0 ], [ 88.030660848711904, 23.796688521641929, 0.0 ], [ 88.02931804049301, 23.818720856439242, 0.0 ], [ 88.009034110844809, 23.843212979359198, 0.0 ], [ 87.968138934014064, 23.844116519681041, 0.0 ], [ 87.96652773436162, 23.835084101788045, 0.0 ], [ 87.974770331431642, 23.831891812728308, 0.0 ], [ 87.966230412684553, 23.823748395782953, 0.0 ], [ 87.966881805637414, 23.807712623645791, 0.0 ], [ 87.965069417279565, 23.8050817643689, 0.0 ], [ 87.929088107196094, 23.826171755900493, 0.0 ], [ 87.93477917322096, 23.833708875970391, 0.0 ], [ 87.925629065169616, 23.840953226862254, 0.0 ], [ 87.890551973051998, 23.839998910589351, 0.0 ], [ 87.88632794173472, 23.862427013204119, 0.0 ], [ 87.872171314596827, 23.856490807284253, 0.0 ], [ 87.86986366656906, 23.869781243870428, 0.0 ], [ 87.857865534808525, 23.872461815344433, 0.0 ], [ 87.862169963420726, 23.88119774394066, 0.0 ], [ 87.847287609544111, 23.889235837913382, 0.0 ], [ 87.843819444186664, 23.916132001991521, 0.0 ], [ 87.86652159669714, 23.920857265451136, 0.0 ], [ 87.860460328040332, 23.929632815486208, 0.0 ], [ 87.867360249681738, 23.941481785131867, 0.0 ], [ 87.861047671055431, 23.946733434812675, 0.0 ], [ 87.863934686510788, 23.959545507618259, 0.0 ], [ 87.847863569486876, 23.971348450518178, 0.0 ], [ 87.858479618825342, 23.975679347103714, 0.0 ], [ 87.857621435618071, 23.998698071407475, 0.0 ], [ 87.869270310387606, 24.011240651956964, 0.0 ], [ 87.860422145428657, 24.026137594517156, 0.0 ], [ 87.86943388379656, 24.027319432236219, 0.0 ], [ 87.874754435974651, 24.040037705156546, 0.0 ], [ 87.896473772822887, 24.043552238362249, 0.0 ], [ 87.895373315077933, 24.081606467580265, 0.0 ], [ 87.912431578371681, 24.099407802351291, 0.0 ], [ 87.907996962791273, 24.107304899116873, 0.0 ], [ 87.894024069245617, 24.106121805220763, 0.0 ], [ 87.890879442258608, 24.115467644720255, 0.0 ], [ 87.910241635759775, 24.1348010413362, 0.0 ], [ 87.909300791458477, 24.143354832019895, 0.0 ], [ 87.89686367393648, 24.146355484665666, 0.0 ], [ 87.899362736888122, 24.161842025875256, 0.0 ], [ 87.931855305846057, 24.174414180067462, 0.0 ], [ 87.935303916189213, 24.181260446898349, 0.0 ], [ 87.920135660583398, 24.188471572389773, 0.0 ], [ 87.930816932628375, 24.200244716403663, 0.0 ], [ 87.95690209707773, 24.190071756535573, 0.0 ], [ 87.983209625608765, 24.191352414554153, 0.0 ], [ 87.986500357086413, 24.212642474024214, 0.0 ], [ 87.991819034235192, 24.206497465229809, 0.0 ], [ 88.006030034565939, 24.219196481524797, 0.0 ], [ 87.995704360784302, 24.232270592226232, 0.0 ], [ 87.997219606035358, 24.243032148253178, 0.0 ], [ 88.024761073718366, 24.248155348903332, 0.0 ], [ 88.012823919612543, 24.284563061896275, 0.0 ], [ 88.019186430525508, 24.290887557581939, 0.0 ], [ 88.017741496890594, 24.310369760025168, 0.0 ], [ 87.99402392983599, 24.313182438714907, 0.0 ], [ 87.993005102989073, 24.330319024554953, 0.0 ], [ 87.97697586606958, 24.338952497551446, 0.0 ], [ 87.963478036486464, 24.334731098781855, 0.0 ], [ 87.957073079698361, 24.342300367653937, 0.0 ], [ 87.955406167035548, 24.363499670742055, 0.0 ], [ 87.959483016648122, 24.373387987290798, 0.0 ], [ 87.972973016499196, 24.375054809187521, 0.0 ], [ 87.970512771492636, 24.400389628659017, 0.0 ], [ 87.978707136218361, 24.414933313893982, 0.0 ], [ 87.974098804959382, 24.473926580023047, 0.0 ], [ 87.963340647160209, 24.486793746261167, 0.0 ], [ 87.943945809550243, 24.487589185356207, 0.0 ], [ 87.950611316468738, 24.516904303250982, 0.0 ], [ 87.939401970021592, 24.520067574283502, 0.0 ], [ 87.932661363641387, 24.536942933346079, 0.0 ], [ 87.923528763754206, 24.544264472373168, 0.0 ], [ 87.88985058664494, 24.544733406990808, 0.0 ], [ 87.891931525345797, 24.584181613233458, 0.0 ], [ 87.914045480309724, 24.596624447862542, 0.0 ], [ 87.910767506484248, 24.610434376893181, 0.0 ], [ 87.893470300194878, 24.605480802172949, 0.0 ], [ 87.875832290948523, 24.615229446230984, 0.0 ], [ 87.90603424989007, 24.615005451819719, 0.0 ], [ 87.9057715669407, 24.629275707842506, 0.0 ], [ 87.887916774181647, 24.630343965075078, 0.0 ], [ 87.91414166487921, 24.63770948146459, 0.0 ], [ 87.916608987263999, 24.665753013362647, 0.0 ], [ 87.887749148382866, 24.679987245940531, 0.0 ], [ 87.901139290479293, 24.694121870405088, 0.0 ], [ 87.90835194494781, 24.721617521179311, 0.0 ], [ 87.890007745684727, 24.72522238808272, 0.0 ], [ 87.883017481500403, 24.741324834397446, 0.0 ], [ 87.865608689009818, 24.732025382730736, 0.0 ], [ 87.816364914727188, 24.758628273977905, 0.0 ], [ 87.830147757935933, 24.770012748411812, 0.0 ], [ 87.836236971780423, 24.790209694218905, 0.0 ], [ 87.84210252508727, 24.785701819674596, 0.0 ], [ 87.835978777115898, 24.778324534257756, 0.0 ], [ 87.837401628998478, 24.765785260062859, 0.0 ], [ 87.85228274058224, 24.761987710249862, 0.0 ], [ 87.869233241571962, 24.775025635757327, 0.0 ], [ 87.869756281486175, 24.793911878053674, 0.0 ], [ 87.87830074774233, 24.789736594827929, 0.0 ], [ 87.881604401079215, 24.805368173525341, 0.0 ], [ 87.869121545608138, 24.824637820666869, 0.0 ], [ 87.879330024685274, 24.822493868419159, 0.0 ], [ 87.882752952598651, 24.829526422184152, 0.0 ], [ 87.882609159997799, 24.823270146359402, 0.0 ], [ 87.899524278450329, 24.823363321872371, 0.0 ], [ 87.891327842183912, 24.856035716212812, 0.0 ] ] ] } },
{ "type": "Feature", "properties": { "OBJECTID": 99, "OBJECTID_1": 99, "STATE_UT": "WEST BENGAL", "STATE_LGD": "19", "DISTRICT": "JALPAIGURI", "DIST_LGD": "328", "REMARKS": null, "Shape_Leng": 456803.17399699998, "Shape_Area": 3305107226.9699998 }, "geometry": { "type": "Polygon", "coordinates": [ [ [ 88.952475257983252, 26.968406944856216, 0.0 ], [ 88.943923824825319, 26.934147348194124, 0.0 ], [ 88.980346215223406, 26.917185946179135, 0.0 ], [ 89.021572487251532, 26.940685890467311, 0.0 ], [ 89.029986459003112, 26.923121850935303, 0.0 ], [ 89.050895954884226, 26.915969949726719, 0.0 ], [ 89.048858480071274, 26.899114507630919, 0.0 ], [ 89.069446514530213, 26.903688108436008, 0.0 ], [ 89.095698829643595, 26.891673151557605, 0.0 ], [ 89.092510150778267, 26.872597762451967, 0.0 ], [ 89.106249038262334, 26.860352459297307, 0.0 ], [ 89.092062110150366, 26.830704605239358, 0.0 ], [ 89.098644242784474, 26.809767337574883, 0.0 ], [ 89.074420807131872, 26.760365419087183, 0.0 ], [ 89.082140995796436, 26.729114722704143, 0.0 ], [ 89.075746359670489, 26.730432767451386, 0.0 ], [ 89.06418310371626, 26.671430018970842, 0.0 ], [ 89.04498588785485, 26.636462873428734, 0.0 ], [ 89.053613883450325, 26.621319745052624, 0.0 ], [ 89.049992435802451, 26.609501525613364, 0.0 ], [ 89.060412092036259, 26.611667663239647, 0.0 ], [ 89.072569613695691, 26.593032808905008, 0.0 ], [ 89.091642024299489, 26.596633989813228, 0.0 ], [ 89.10512509006476, 26.592053212360792, 0.0 ], [ 89.103079719848523, 26.585232145696292, 0.0 ], [ 89.10943050815581, 26.591088900482557, 0.0 ], [ 89.098837126623877, 26.566221677958822, 0.0 ], [ 89.111110525073272, 26.560556842499313, 0.0 ], [ 89.104149974193035, 26.556375814039807, 0.0 ], [ 89.113119384078431, 26.547769845942799, 0.0 ], [ 89.1092048283856, 26.537188347240214, 0.0 ], [ 89.118203127360744, 26.540368398359078, 0.0 ], [ 89.126282910468134, 26.521268936555952, 0.0 ], [ 89.094741874000476, 26.520692321430786, 0.0 ], [ 89.079721959409412, 26.53492101945854, 0.0 ], [ 89.062395593256383, 26.537559724622408, 0.0 ], [ 89.048432377908213, 26.534223581944943, 0.0 ], [ 89.050457204863932, 26.527339720817789, 0.0 ], [ 89.035085358481993, 26.516882262256722, 0.0 ], [ 88.969222546805454, 26.546494648227558, 0.0 ], [ 88.967183319485713, 26.524807421713032, 0.0 ], [ 88.952687646925284, 26.505862027489083, 0.0 ], [ 88.940011805995155, 26.504257127421045, 0.0 ], [ 88.94642946844202, 26.475354730877825, 0.0 ], [ 88.936991980391142, 26.465507502162744, 0.0 ], [ 88.907873370296528, 26.4770066802202, 0.0 ], [ 88.899287152594042, 26.470635003182675, 0.0 ], [ 88.910177812332066, 26.469424524403497, 0.0 ], [ 88.912302906948057, 26.459566035592768, 0.0 ], [ 88.905900586945904, 26.459837094440267, 0.0 ], [ 88.902980749340699, 26.44071511274576, 0.0 ], [ 88.887284798447638, 26.43819454622631, 0.0 ], [ 88.87974941988908, 26.404465540761045, 0.0 ], [ 88.865322695205563, 26.392302906585417, 0.0 ], [ 88.854964778584048, 26.394039237812297, 0.0 ], [ 88.850491848040207, 26.38505775356872, 0.0 ], [ 88.800838168973598, 26.375368988424082, 0.0 ], [ 88.783960890865686, 26.397914668134558, 0.0 ], [ 88.775130509594732, 26.398684912197222, 0.0 ], [ 88.748002918337747, 26.355212868064388, 0.0 ], [ 88.761319637516408, 26.332862587269041, 0.0 ], [ 88.758578804300001, 26.294759210981841, 0.0 ], [ 88.747317691421202, 26.301049038568021, 0.0 ], [ 88.71711103872029, 26.28108233614536, 0.0 ], [ 88.709573592418195, 26.286622983500493, 0.0 ], [ 88.689178559318051, 26.2790455783109, 0.0 ], [ 88.692490238721462, 26.26905078713402, 0.0 ], [ 88.67981145732918, 26.258972689253788, 0.0 ], [ 88.666226663824546, 26.262656828712068, 0.0 ], [ 88.672245230931438, 26.26848954758109, 0.0 ], [ 88.668044687530738, 26.297172897694519, 0.0 ], [ 88.678673508680575, 26.298827072932735, 0.0 ], [ 88.683092487023472, 26.308452982999274, 0.0 ], [ 88.67513057153414, 26.320072043438746, 0.0 ], [ 88.695733072921087, 26.328726076158212, 0.0 ], [ 88.693267584240189, 26.31398509619877, 0.0 ], [ 88.715040203410254, 26.317973097268723, 0.0 ], [ 88.718823846403183, 26.312115048044721, 0.0 ], [ 88.730648744885542, 26.32362075124097, 0.0 ], [ 88.746508338901918, 26.322385462562128, 0.0 ], [ 88.748742300940918, 26.331927413542381, 0.0 ], [ 88.733866675748601, 26.328655275789536, 0.0 ], [ 88.745870316732478, 26.347066519436886, 0.0 ], [ 88.733262287269042, 26.353831740710685, 0.0 ], [ 88.735917164259149, 26.347967184170184, 0.0 ], [ 88.726150310072441, 26.34126754589191, 0.0 ], [ 88.712846987677665, 26.343652093808686, 0.0 ], [ 88.702763878751014, 26.334394469564486, 0.0 ], [ 88.704023093871029, 26.34187153614068, 0.0 ], [ 88.694104945071231, 26.346728721903169, 0.0 ], [ 88.696264559028521, 26.36195079711959, 0.0 ], [ 88.681012039160962, 26.379407854483762, 0.0 ], [ 88.702270153992401, 26.388443579877084, 0.0 ], [ 88.687428610635621, 26.386827431860784, 0.0 ], [ 88.689172096461618, 26.395683367433161, 0.0 ], [ 88.672328535621915, 26.395701950891929, 0.0 ], [ 88.686754839713061, 26.406028659408339, 0.0 ], [ 88.667806786087169, 26.407185260651932, 0.0 ], [ 88.644459362681417, 26.418745610556371, 0.0 ], [ 88.649796557319974, 26.429587751180744, 0.0 ], [ 88.623771439743734, 26.434787711939858, 0.0 ], [ 88.622890462219232, 26.4710785162262, 0.0 ], [ 88.594753592325048, 26.470637171794667, 0.0 ], [ 88.592952155663497, 26.44981408341306, 0.0 ], [ 88.560929172541094, 26.45646254643971, 0.0 ], [ 88.560141486961271, 26.473039997284559, 0.0 ], [ 88.552620622308183, 26.475322880586745, 0.0 ], [ 88.556763965852255, 26.484799190414478, 0.0 ], [ 88.526481652632086, 26.481378853090771, 0.0 ], [ 88.52139336047874, 26.510507221403838, 0.0 ], [ 88.507207767379327, 26.516479942931234, 0.0 ], [ 88.489750876693833, 26.510358941598938, 0.0 ], [ 88.485009661970636, 26.540685318227588, 0.0 ], [ 88.45888793382197, 26.547117858199226, 0.0 ], [ 88.45648353743988, 26.536893333553191, 0.0 ], [ 88.4482650900555, 26.535287156196315, 0.0 ], [ 88.432164234108171, 26.548553597318257, 0.0 ], [ 88.421170236840481, 26.571016976184492, 0.0 ], [ 88.416074024503217, 26.631617737509803, 0.0 ], [ 88.399896769892763, 26.64244179608389, 0.0 ], [ 88.400420337878529, 26.672424341062669, 0.0 ], [ 88.389832381024533, 26.678590149748963, 0.0 ], [ 88.409776271488951, 26.6995033178273, 0.0 ], [ 88.437647408862986, 26.692742998960764, 0.0 ], [ 88.449240142825246, 26.704420854334657, 0.0 ], [ 88.435338516394225, 26.726119943407717, 0.0 ], [ 88.421579189337621, 26.727081702708613, 0.0 ], [ 88.422972417755105, 26.75449913197254, 0.0 ], [ 88.435712019722587, 26.758244422189662, 0.0 ], [ 88.437852582882087, 26.775260734940986, 0.0 ], [ 88.43160979286003, 26.778417667642589, 0.0 ], [ 88.44214182995168, 26.785281432913404, 0.0 ], [ 88.42980396020053, 26.798030405286237, 0.0 ], [ 88.434885743717786, 26.803578992890191, 0.0 ], [ 88.428780029831216, 26.812958586819335, 0.0 ], [ 88.43581976988699, 26.810740148059168, 0.0 ], [ 88.430015612192278, 26.820223526411432, 0.0 ], [ 88.44117584919988, 26.83716377763087, 0.0 ], [ 88.484749761536605, 26.854072884350114, 0.0 ], [ 88.512469723235782, 26.838814053781523, 0.0 ], [ 88.475650834400156, 26.879828515796671, 0.0 ], [ 88.509826704161469, 26.865499497723896, 0.0 ], [ 88.573247671802079, 26.89199040789142, 0.0 ], [ 88.608050945759132, 26.881701389859408, 0.0 ], [ 88.621123763651624, 26.90557857881058, 0.0 ], [ 88.636158603548353, 26.906665884012146, 0.0 ], [ 88.637308469408282, 26.9301627287666, 0.0 ], [ 88.660357858071762, 26.968773024011483, 0.0 ], [ 88.673020256780219, 26.94797107076317, 0.0 ], [ 88.66362777776996, 26.927500324266717, 0.0 ], [ 88.759350557162193, 26.92587554236701, 0.0 ], [ 88.756476244164659, 26.963665742617874, 0.0 ], [ 88.784501183145437, 26.976371477425452, 0.0 ], [ 88.792871107368001, 26.991024375059908, 0.0 ], [ 88.821699947642287, 26.988709987572754, 0.0 ], [ 88.852884182858915, 26.965609932489016, 0.0 ], [ 88.872503327384152, 26.964137865290461, 0.0 ], [ 88.877147334128267, 26.944346824436224, 0.0 ], [ 88.921683757509371, 26.993927235766158, 0.0 ], [ 88.952475257983252, 26.968406944856216, 0.0 ] ] ] } },
{ "type": "Feature", "properties": { "OBJECTID": 100, "OBJECTID_1": 100, "STATE_UT": "WEST BENGAL", "STATE_LGD": "19", "DISTRICT": "KOCH BIHAR", "DIST_LGD": "329", "REMARKS": null, "Shape_Leng": 871442.21366400004, "Shape_Area": 3230654409.52 }, "geometry": { "type": "MultiPolygon", "coordinates": [ [ [ [ 89.804893872170325, 26.349712155425273, 0.0 ], [ 89.82451061904186, 26.326215975495582, 0.0 ], [ 89.819604055675057, 26.318352666189543, 0.0 ], [ 89.792693173866084, 26.341097465388138, 0.0 ], [ 89.804893872170325, 26.349712155425273, 0.0 ] ] ], [ [ [ 88.969031745799384, 26.546363971186224, 0.0 ], [ 89.035747341625537, 26.516809633444932, 0.0 ], [ 89.050457204863932, 26.527339720817789, 0.0 ], [ 89.048432377908213, 26.534223581944943, 0.0 ], [ 89.073722891818107, 26.537094072978597, 0.0 ], [ 89.094741874000476, 26.520692321430786, 0.0 ], [ 89.146941743399623, 26.518446215498034, 0.0 ], [ 89.180534191689759, 26.501020284395018, 0.0 ], [ 89.19154566575645, 26.510067455148572, 0.0 ], [ 89.23136726806824, 26.501901797488426, 0.0 ], [ 89.244691456280052, 26.491219175450219, 0.0 ], [ 89.304757934708633, 26.481668149865193, 0.0 ], [ 89.325759116935785, 26.494841066045595, 0.0 ], [ 89.34358596174404, 26.486858491213351, 0.0 ], [ 89.356889177772842, 26.496554524592099, 0.0 ], [ 89.394349383866299, 26.46430582682806, 0.0 ], [ 89.411990953735099, 26.47156825621191, 0.0 ], [ 89.439117368794513, 26.469338520976549, 0.0 ], [ 89.452389995343879, 26.476850482392486, 0.0 ], [ 89.454971855398199, 26.490626877046751, 0.0 ], [ 89.495504758527559, 26.481130744798666, 0.0 ], [ 89.494733938094967, 26.472773586210607, 0.0 ], [ 89.504963560664137, 26.468540816445859, 0.0 ], [ 89.511789012337076, 26.477621835663832, 0.0 ], [ 89.520630224757369, 26.471545321643458, 0.0 ], [ 89.52761601948022, 26.476487364903832, 0.0 ], [ 89.542060122380036, 26.459794525627601, 0.0 ], [ 89.538321116731737, 26.444886228371907, 0.0 ], [ 89.549325067599113, 26.444793293902574, 0.0 ], [ 89.558833832112654, 26.429770191566611, 0.0 ], [ 89.550259376445226, 26.426742212243788, 0.0 ], [ 89.557280108669971, 26.421077621602606, 0.0 ], [ 89.549078302076609, 26.416465755410073, 0.0 ], [ 89.558426699287736, 26.414520936563541, 0.0 ], [ 89.555126555914086, 26.410096722195792, 0.0 ], [ 89.571851786604427, 26.418317535338844, 0.0 ], [ 89.563661858849443, 26.42794015180462, 0.0 ], [ 89.584011813458687, 26.429838546854228, 0.0 ], [ 89.618846127691967, 26.395334385642279, 0.0 ], [ 89.627881188486967, 26.408083547680317, 0.0 ], [ 89.624272671078018, 26.419848725930684, 0.0 ], [ 89.650024608633927, 26.418393583911865, 0.0 ], [ 89.660640581086923, 26.436844656633507, 0.0 ], [ 89.699234733584262, 26.421319333891326, 0.0 ], [ 89.727794101859942, 26.444222832707503, 0.0 ], [ 89.74715845512624, 26.438670464548849, 0.0 ], [ 89.748785614908456, 26.463248991154792, 0.0 ], [ 89.827762596064773, 26.459394038124984, 0.0 ], [ 89.831559961431324, 26.467450732230539, 0.0 ], [ 89.825822276927951, 26.47086050285343, 0.0 ], [ 89.849294334260449, 26.470501332679913, 0.0 ], [ 89.864132300316015, 26.464221438638148, 0.0 ], [ 89.861907300700238, 26.454739719106755, 0.0 ], [ 89.85292268435326, 26.455460626385786, 0.0 ], [ 89.853897482315901, 26.444485397355667, 0.0 ], [ 89.829802903859886, 26.44771985941918, 0.0 ], [ 89.833490078164729, 26.441263071442002, 0.0 ], [ 89.825058419655647, 26.440624025579186, 0.0 ], [ 89.822806770400561, 26.431380805661714, 0.0 ], [ 89.836777023476557, 26.431064911739576, 0.0 ], [ 89.829572443388912, 26.422352895731272, 0.0 ], [ 89.835838775829203, 26.411392185640924, 0.0 ], [ 89.830686107116335, 26.392748846268738, 0.0 ], [ 89.840374987387847, 26.390909313270537, 0.0 ], [ 89.849935875498417, 26.402893406146042, 0.0 ], [ 89.859413228589261, 26.383503005236296, 0.0 ], [ 89.847293264702472, 26.384370120873104, 0.0 ], [ 89.843392121931331, 26.377034638304636, 0.0 ], [ 89.833167664719753, 26.383474558070503, 0.0 ], [ 89.822774356581945, 26.350861089014998, 0.0 ], [ 89.81309688999319, 26.358055842001825, 0.0 ], [ 89.82240088190072, 26.371404288543097, 0.0 ], [ 89.814205706092253, 26.370485231110454, 0.0 ], [ 89.783473999398083, 26.351030776460306, 0.0 ], [ 89.781314052270147, 26.327675327341289, 0.0 ], [ 89.764076421076652, 26.316225976810365, 0.0 ], [ 89.751521736447884, 26.320860102406119, 0.0 ], [ 89.758124760436857, 26.287785754689793, 0.0 ], [ 89.744843757230441, 26.296889948049358, 0.0 ], [ 89.72632174915843, 26.294710806261584, 0.0 ], [ 89.725846731819914, 26.307216478560264, 0.0 ], [ 89.719813097757182, 26.307319907925763, 0.0 ], [ 89.71783117910384, 26.295817639031274, 0.0 ], [ 89.738539273452972, 26.269943541328917, 0.0 ], [ 89.734004427563434, 26.259409230312865, 0.0 ], [ 89.722020424633186, 26.257459077786148, 0.0 ], [ 89.712579074493689, 26.261910290224861, 0.0 ], [ 89.714712389546349, 26.269942122738829, 0.0 ], [ 89.705852685230738, 26.270430174998317, 0.0 ], [ 89.702615835034692, 26.257863326648568, 0.0 ], [ 89.717075305836332, 26.25736744142138, 0.0 ], [ 89.71788150822043, 26.24515075183502, 0.0 ], [ 89.732158020783487, 26.237829900898618, 0.0 ], [ 89.714101890782146, 26.230246647590093, 0.0 ], [ 89.710039754429403, 26.217842838728995, 0.0 ], [ 89.700393551852301, 26.218448384854831, 0.0 ], [ 89.73323032375248, 26.211992096358987, 0.0 ], [ 89.711600003659854, 26.202966946650616, 0.0 ], [ 89.720368928132146, 26.195600787845109, 0.0 ], [ 89.713074544603074, 26.187716559250028, 0.0 ], [ 89.698600481893408, 26.191177011427868, 0.0 ], [ 89.709237291500159, 26.172807760603142, 0.0 ], [ 89.725576635085133, 26.177978354251199, 0.0 ], [ 89.736550498285354, 26.172789382549702, 0.0 ], [ 89.712806471823157, 26.168072799408215, 0.0 ], [ 89.701378069895753, 26.151754834607075, 0.0 ], [ 89.681318808206115, 26.163586193775039, 0.0 ], [ 89.702059972835158, 26.173976648375021, 0.0 ], [ 89.687389631036979, 26.181503085883637, 0.0 ], [ 89.686347237930505, 26.198223110797915, 0.0 ], [ 89.673471779113257, 26.201428100089505, 0.0 ], [ 89.677160056578103, 26.209665117996412, 0.0 ], [ 89.685659748326827, 26.206873381303659, 0.0 ], [ 89.691504208431056, 26.211671108520079, 0.0 ], [ 89.67941017355524, 26.214790047259225, 0.0 ], [ 89.679031041553557, 26.224089687571379, 0.0 ], [ 89.689424888886407, 26.221278558197568, 0.0 ], [ 89.686050568243829, 26.230659562571237, 0.0 ], [ 89.681988621380384, 26.227515968854945, 0.0 ], [ 89.678714031671802, 26.238207047649929, 0.0 ], [ 89.67190315296881, 26.219846715812022, 0.0 ], [ 89.661996529937923, 26.219220162141859, 0.0 ], [ 89.634439966648117, 26.229410090594747, 0.0 ], [ 89.632661701891408, 26.209892846525975, 0.0 ], [ 89.649996139640066, 26.190205658943452, 0.0 ], [ 89.642454395126393, 26.185269529792834, 0.0 ], [ 89.630181780061079, 26.19576213667321, 0.0 ], [ 89.627813063061453, 26.183909091451007, 0.0 ], [ 89.658661040054028, 26.176226940595733, 0.0 ], [ 89.646096244655254, 26.164436323354646, 0.0 ], [ 89.632163277007223, 26.171890655198325, 0.0 ], [ 89.637478690263166, 26.176847589723145, 0.0 ], [ 89.632492711157511, 26.180775157923993, 0.0 ], [ 89.623989504167213, 26.171115447329218, 0.0 ], [ 89.62390772681222, 26.179125614375803, 0.0 ], [ 89.607455792701131, 26.179141274025035, 0.0 ], [ 89.615153038517448, 26.175878193199942, 0.0 ], [ 89.611233830516326, 26.168561367351753, 0.0 ], [ 89.619759927986692, 26.167758722932934, 0.0 ], [ 89.609019986678504, 26.153623830346216, 0.0 ], [ 89.600006365782022, 26.160832026403661, 0.0 ], [ 89.591398046238993, 26.157613121784976, 0.0 ], [ 89.597920063433833, 26.154125688120754, 0.0 ], [ 89.596597046147764, 26.135032411684985, 0.0 ], [ 89.607733177201467, 26.124856495775767, 0.0 ], [ 89.601289838211954, 26.12341723220014, 0.0 ], [ 89.60423969178693, 26.117454212797707, 0.0 ], [ 89.612044427679905, 26.127700742648411, 0.0 ], [ 89.620512379306888, 26.119715253645026, 0.0 ], [ 89.62534602079343, 26.128596623897689, 0.0 ], [ 89.630357525340884, 26.118272463915694, 0.0 ], [ 89.616223345704668, 26.106858653764547, 0.0 ], [ 89.597877322698096, 26.112981456540986, 0.0 ], [ 89.600310214190543, 26.104060130110561, 0.0 ], [ 89.593882692666625, 26.102161313335092, 0.0 ], [ 89.608622367142345, 26.088393079153963, 0.0 ], [ 89.610137152923727, 26.095908619430404, 0.0 ], [ 89.617291959179383, 26.09468726026423, 0.0 ], [ 89.613961183021971, 26.103610071289079, 0.0 ], [ 89.629958764070992, 26.10704346641872, 0.0 ], [ 89.639675879582782, 26.090060074832099, 0.0 ], [ 89.633565890304496, 26.080870409959566, 0.0 ], [ 89.64990095515418, 26.062484142086856, 0.0 ], [ 89.630626500701553, 26.06265702132897, 0.0 ], [ 89.620511044875286, 26.053277315466197, 0.0 ], [ 89.605677709785908, 26.064036630982308, 0.0 ], [ 89.612826184276997, 26.052643894062768, 0.0 ], [ 89.592232385085268, 26.044795391724755, 0.0 ], [ 89.597749919978199, 26.037850216293005, 0.0 ], [ 89.58688302231235, 26.038308691321866, 0.0 ], [ 89.585350737191973, 26.026277004835151, 0.0 ], [ 89.578722232058212, 26.026261729483174, 0.0 ], [ 89.585179677952596, 25.97589844957891, 0.0 ], [ 89.576406156466163, 25.981895958017745, 0.0 ], [ 89.577865476833892, 25.969276672302598, 0.0 ], [ 89.568906780332696, 25.967756466711048, 0.0 ], [ 89.565968737928188, 25.980342215317425, 0.0 ], [ 89.557695951741536, 25.965355302813169, 0.0 ], [ 89.550829893028904, 25.965899567624756, 0.0 ], [ 89.53808451265769, 25.973863224964258, 0.0 ], [ 89.541694256498545, 25.983194293652979, 0.0 ], [ 89.535531414948593, 25.990165081956871, 0.0 ], [ 89.548152464674018, 25.998579898396631, 0.0 ], [ 89.540895993015752, 26.005901428040215, 0.0 ], [ 89.461648100634307, 25.998371774450625, 0.0 ], [ 89.42747699232126, 26.013147404154775, 0.0 ], [ 89.433588899394763, 26.030419873252455, 0.0 ], [ 89.423843386537953, 26.04692011767894, 0.0 ], [ 89.407423066021437, 26.041509949842293, 0.0 ], [ 89.403024226475651, 26.027306190889171, 0.0 ], [ 89.390857059999277, 26.022921228967892, 0.0 ], [ 89.392792914403799, 26.007190603615356, 0.0 ], [ 89.349062100772358, 26.010350728349863, 0.0 ], [ 89.323700259547351, 26.038051920636235, 0.0 ], [ 89.300437202027595, 26.050432232196709, 0.0 ], [ 89.275756014850202, 26.049080174523109, 0.0 ], [ 89.281054584317673, 26.065615448694881, 0.0 ], [ 89.270879112715591, 26.059949047218232, 0.0 ], [ 89.254407362657403, 26.06412077136924, 0.0 ], [ 89.266798808612037, 26.092637288903067, 0.0 ], [ 89.251622753765247, 26.091350361605986, 0.0 ], [ 89.251782607238539, 26.101184855089894, 0.0 ], [ 89.22922334742205, 26.116597280250399, 0.0 ], [ 89.229437344396402, 26.123853613861023, 0.0 ], [ 89.20308260522927, 26.129275340236902, 0.0 ], [ 89.19235020798034, 26.123635244543145, 0.0 ], [ 89.155380560027737, 26.138610820103992, 0.0 ], [ 89.148540387936592, 26.158096045569483, 0.0 ], [ 89.15728018381327, 26.163196336447047, 0.0 ], [ 89.141029330145045, 26.169286500734771, 0.0 ], [ 89.13461188059415, 26.181170913206742, 0.0 ], [ 89.149405701053013, 26.209050133367811, 0.0 ], [ 89.142133412178836, 26.214527365881533, 0.0 ], [ 89.140942497336923, 26.235840787130428, 0.0 ], [ 89.119836098247646, 26.252612876634089, 0.0 ], [ 89.125228782101118, 26.263461976697023, 0.0 ], [ 89.10010470034041, 26.279467655675244, 0.0 ], [ 89.107146225370016, 26.291643452822463, 0.0 ], [ 89.099924770691942, 26.304568171020872, 0.0 ], [ 89.10471117799429, 26.315799787515321, 0.0 ], [ 89.122126695508669, 26.287146159878169, 0.0 ], [ 89.136307745349669, 26.320106874368939, 0.0 ], [ 89.112735421566185, 26.318388822504062, 0.0 ], [ 89.097185994468319, 26.329281005138476, 0.0 ], [ 89.091922834908644, 26.320293909078632, 0.0 ], [ 89.083486680685084, 26.322360092678096, 0.0 ], [ 89.101343203649094, 26.336533849775986, 0.0 ], [ 89.093330069116973, 26.352913663172945, 0.0 ], [ 89.098315938763122, 26.358929703847149, 0.0 ], [ 89.079707872964164, 26.362822328514543, 0.0 ], [ 89.088462101321042, 26.365691505713084, 0.0 ], [ 89.096250620575788, 26.391154896279904, 0.0 ], [ 89.08133652611734, 26.390166235382978, 0.0 ], [ 89.084460372603957, 26.398277574738362, 0.0 ], [ 89.073949123176448, 26.391105596057734, 0.0 ], [ 89.063220669327592, 26.400748391917798, 0.0 ], [ 89.033560360625984, 26.39544237810394, 0.0 ], [ 89.029934935355229, 26.407069814823188, 0.0 ], [ 89.019406739122445, 26.404125272402897, 0.0 ], [ 89.02246437455598, 26.413638690339578, 0.0 ], [ 89.007226691266439, 26.412734139634544, 0.0 ], [ 89.005484556771506, 26.421567287582011, 0.0 ], [ 88.993737109056241, 26.422989647702135, 0.0 ], [ 88.998609262573908, 26.413884464676251, 0.0 ], [ 88.994039629712418, 26.412818628954806, 0.0 ], [ 88.980752043105568, 26.425266889188602, 0.0 ], [ 88.983266002880924, 26.44650925457595, 0.0 ], [ 88.965435692286732, 26.457700416937534, 0.0 ], [ 88.955841565201212, 26.460208138909003, 0.0 ], [ 88.965355585636161, 26.451490060734958, 0.0 ], [ 88.946168860796405, 26.447938460913214, 0.0 ], [ 88.95131584328972, 26.434995875439032, 0.0 ], [ 88.944766656743255, 26.42559166591036, 0.0 ], [ 88.926192771520732, 26.432050523796992, 0.0 ], [ 88.9327984555444, 26.426833534708983, 0.0 ], [ 88.923032733482543, 26.423360779154017, 0.0 ], [ 88.93131337777281, 26.414188142542926, 0.0 ], [ 88.926559739353792, 26.406788242356484, 0.0 ], [ 88.904788914397813, 26.408458957538439, 0.0 ], [ 88.918224102953815, 26.400377370831258, 0.0 ], [ 88.909093165664487, 26.380031809342253, 0.0 ], [ 88.921402075387334, 26.377175435139502, 0.0 ], [ 88.913265987231227, 26.374221968298183, 0.0 ], [ 88.910113000176494, 26.369801600519047, 0.0 ], [ 88.919733211689064, 26.359314196917392, 0.0 ], [ 88.926083907316482, 26.364742165562085, 0.0 ], [ 88.94677142725871, 26.355692310466278, 0.0 ], [ 88.949852439481802, 26.365928270793457, 0.0 ], [ 88.958429520897084, 26.361681017442887, 0.0 ], [ 88.946293733261882, 26.345826586137928, 0.0 ], [ 88.95905101173615, 26.343534259006631, 0.0 ], [ 88.951755596161462, 26.342589582111781, 0.0 ], [ 88.956025182885199, 26.329987839850169, 0.0 ], [ 88.963526768701925, 26.338288275792852, 0.0 ], [ 88.961410612913127, 26.352295647382999, 0.0 ], [ 88.987218895642471, 26.348320907725384, 0.0 ], [ 88.985546218514699, 26.332763798892131, 0.0 ], [ 89.000968026646945, 26.329747490113615, 0.0 ], [ 88.991518665861918, 26.32232128862152, 0.0 ], [ 88.997118318675561, 26.313737257329048, 0.0 ], [ 88.984620431801901, 26.317957333636318, 0.0 ], [ 88.982657670986143, 26.309497083437318, 0.0 ], [ 88.984937090918933, 26.300543439628282, 0.0 ], [ 88.99758625380521, 26.299630573197405, 0.0 ], [ 88.995738260731869, 26.290237795723261, 0.0 ], [ 89.00685174096364, 26.304390038698536, 0.0 ], [ 89.018406266207251, 26.289813096080362, 0.0 ], [ 89.014311978161601, 26.3002204982396, 0.0 ], [ 89.021586141640114, 26.309018997766941, 0.0 ], [ 89.026610251465726, 26.305401630208522, 0.0 ], [ 89.020083767119772, 26.289094241471993, 0.0 ], [ 89.027518807923784, 26.282468204756533, 0.0 ], [ 89.04077332768567, 26.285766989956993, 0.0 ], [ 89.038029574732889, 26.277465551675242, 0.0 ], [ 89.045123814554017, 26.275136389054946, 0.0 ], [ 89.045868733842013, 26.295351054066391, 0.0 ], [ 89.059466852779295, 26.293434710980083, 0.0 ], [ 89.062477454784187, 26.278661020866831, 0.0 ], [ 89.053888557535515, 26.277141006328154, 0.0 ], [ 89.063339622583669, 26.270365938541289, 0.0 ], [ 89.062642409012341, 26.253751513693938, 0.0 ], [ 89.05130549740467, 26.255297075434303, 0.0 ], [ 89.050685655495869, 26.241653384033619, 0.0 ], [ 89.027553389798086, 26.24763979651474, 0.0 ], [ 88.957316845942287, 26.240296477698397, 0.0 ], [ 88.926280831524508, 26.283778077115652, 0.0 ], [ 88.898269026982462, 26.288643875846901, 0.0 ], [ 88.875933818038618, 26.286578945162134, 0.0 ], [ 88.861385123014472, 26.272663264770546, 0.0 ], [ 88.861468896672463, 26.251999063126458, 0.0 ], [ 88.877691731928422, 26.242194797859693, 0.0 ], [ 88.877864549792349, 26.23337795240338, 0.0 ], [ 88.842305486238445, 26.230578979218333, 0.0 ], [ 88.827667126699012, 26.239639657584892, 0.0 ], [ 88.829163410264329, 26.249706354902749, 0.0 ], [ 88.812942110709571, 26.255990222531221, 0.0 ], [ 88.810018743058052, 26.276811102117197, 0.0 ], [ 88.819110062444096, 26.294494219164665, 0.0 ], [ 88.793564444121344, 26.309970004210971, 0.0 ], [ 88.759859900574767, 26.300207145869528, 0.0 ], [ 88.761319637516408, 26.332862587269041, 0.0 ], [ 88.748002918337747, 26.355212868064388, 0.0 ], [ 88.769692054123496, 26.394718607469226, 0.0 ], [ 88.783960890865686, 26.397914668134558, 0.0 ], [ 88.800838168973598, 26.375368988424082, 0.0 ], [ 88.866840921563991, 26.392988971764058, 0.0 ], [ 88.881628801229709, 26.408473004209533, 0.0 ], [ 88.887284798447638, 26.43819454622631, 0.0 ], [ 88.902980749340699, 26.44071511274576, 0.0 ], [ 88.905900586945904, 26.459837094440267, 0.0 ], [ 88.912143944920999, 26.459146795004965, 0.0 ], [ 88.910177812332066, 26.469424524403497, 0.0 ], [ 88.899297246449322, 26.467890885671991, 0.0 ], [ 88.904478363184609, 26.476510982589517, 0.0 ], [ 88.936991980391142, 26.465507502162744, 0.0 ], [ 88.94642946844202, 26.475354730877825, 0.0 ], [ 88.940011805995155, 26.504257127421045, 0.0 ], [ 88.952687646925284, 26.505862027489083, 0.0 ], [ 88.967183319485713, 26.524807421713032, 0.0 ], [ 88.969031745799384, 26.546363971186224, 0.0 ] ], [ [ 88.938342567527485, 26.334942055312865, 0.0 ], [ 88.921269241883635, 26.335442626409176, 0.0 ], [ 88.918063538610326, 26.325573958754767, 0.0 ], [ 88.930870587499356, 26.306303970070271, 0.0 ], [ 88.924028075612881, 26.295230201064072, 0.0 ], [ 88.954403148540479, 26.274638067042652, 0.0 ], [ 88.981458543943234, 26.282973696111256, 0.0 ], [ 88.982902796717426, 26.301090222368352, 0.0 ], [ 88.960778801131667, 26.294954820687803, 0.0 ], [ 88.963383239915359, 26.305420777136444, 0.0 ], [ 88.953365739049019, 26.303547829170626, 0.0 ], [ 88.951674027629934, 26.316519462633366, 0.0 ], [ 88.937503876679443, 26.312902763020205, 0.0 ], [ 88.938342567527485, 26.334942055312865, 0.0 ] ] ] ] } }
]
}
